SMILES,ActiveSiteSeq,Docking_score
CC[C@@H](C[C@@H](C#N)NC(=O)[C@@H]1[C@@H]2[C@H](CN1C(=O)[C@@H](NNC(=O)C(F)(F)F)C(C)(C)C)C2(C)C)C(=O)Nc1ccccc1,HLYGSFLCGSCGSHQMELANHDKQVHQ,-8.5
CC[C@@H](C[C@@H](C#N)NC(=O)[C@@H]1[C@@H]2[C@H](CN1C(=O)[C@@H](NNC(=O)C(F)(F)F)C(C)(C)C)C2(C)C)C(=O)Nc1ccccc1,HLYGSFLCGSCGSHQMELANHDKQVHQ,-8.5
CC(C)(C)[C@H](NC(=O)C(F)(F)F)C(=O)N1C[C@H]2[C@@H]([C@H]1C(=O)Nc1ccccc1)[C@@]2(C)C(F)F,HLYGSFLCGSCGSHQMELANHDKQVHQ,-8.5
CC(C)(C)[C@H](NC(=O)C(F)(F)F)C(=O)N1C[C@H]2[C@@H]([C@H]1C(=O)Nc1ccccc1)[C@@]2(C)C(F)F,HLYGSFLCGSCGSHQMELANHDKQVHQ,-8.5
CC(C)(C)[C@H](NC(=O)C(F)(F)F)C(=O)N1C[C@H]2[C@@H]([C@H]1C(=O)Nc1ccccc1)[C@@]2(C)C(F)F,HLYGSFLCGSCGSHQMELANHDKQVHQ,-8.5
CC(C)(C)[C@H](NC(=O)C(F)(F)F)C(=O)N1C[C@H]2[C@@H]([C@H]1C(=O)N[C@@H](C[C@@H]1CCNC1=S)C(N)=O)C2(C)C,HLYGSFLCGSCGSHQMELANHDKQVHQ,-8.2
CC(C)(CF)[C@H](NC(=O)C(F)(F)F)C(=O)N1C[C@H]2[C@@H]([C@H]1C(=O)N[C@@H](C[C@@H]1CCNC1=O)C(N)=O)C2(C)C,HLYGSFLCGSCGSHQMELANHDKQVHQ,-8.2
CC(C)(CF)[C@H](NC(=O)C(F)(F)F)C(=O)N1C[C@H]2[C@@H]([C@H]1C(=O)N[C@@H](C[C@@H]1CCNC1=O)C(N)=O)C2(C)C,HLYGSFLCGSCGSHQMELANHDKQVHQ,-8.2
CC(C)(CF)[C@H](NC(=O)C(F)(F)F)C(=O)N1C[C@H]2[C@@H]([C@H]1C(=O)N[C@@H](C[C@@H]1CCNC1=O)C(N)=O)C2(C)C,HLYGSFLCGSCGSHQMELANHDKQVHQ,-8.2
CC(C)(CF)[C@H](NC(=O)C(F)(F)F)C(=O)N1C[C@H]2[C@@H]([C@H]1C(=O)N[C@@H](C[C@@H]1CCNC1=O)C(N)=O)C2(C)C,HLYGSFLCGSCGSHQMELANHDKQVHQ,-8.2
CC(C)(CF)[C@H](NC(=O)C(F)(F)F)C(=O)N1C[C@H]2[C@@H]([C@H]1C(=O)N[C@@H](C[C@@H]1CCNC1=O)C(N)=O)C2(C)C,HLYGSFLCGSCGSHQMELANHDKQVHQ,-8.2
CC(C)(CF)[C@H](NC(=O)C(F)(F)F)C(=O)N1C[C@H]2[C@@H]([C@H]1C(=O)N[C@@H](C[C@@H]1CCNC1=O)C(N)=O)C2(C)C,HLYGSFLCGSCGSHQMELANHDKQVHQ,-8.2
CC(C)(C)[C@H](NC(=O)C(F)(F)F)C(=O)N1C[C@H]2[C@@H]([C@H]1C(=O)N[C@@H](C[C@@H]1CCNC1=S)C(N)=O)C2(C)C,HLYGSFLCGSCGSHQMELANHDKQVHQ,-8.2
CC[C@@H](C[C@H](NC(=O)[C@@H]1[C@@H]2[C@H](CN1C(=O)[C@@H](NC(=O)C(F)(F)F)C(C)(C)C)C2(C)C)C(N)=O)C(=O)Nc1ccccc1,HLYGSFLCGSCGSHQMELANHDKQVHQ,-8.1
CC(C)(C)[C@H](NC(=O)C(F)(F)F)C(=O)N1C[C@H]2[C@@H]([C@H]1C(=O)N[C@@H](C[C@@H]1CCNC1=O)C(N)=O)[C@]2(C)CF,HLYGSFLCGSCGSHQMELANHDKQVHQ,-8.1
CC(C)(CF)[C@H](NC(=O)C(F)(F)F)C(=O)N1C[C@H]2[C@@H]([C@H]1C(=O)Nc1ccccc1)C2(C)C,HLYGSFLCGSCGSHQMELANHDKQVHQ,-8.1
CC(C)(CF)[C@H](NC(=O)C(F)(F)F)C(=O)N1C[C@H]2[C@@H]([C@H]1C(=O)Nc1ccccc1)C2(C)C,HLYGSFLCGSCGSHQMELANHDKQVHQ,-8.1
CC(C)(CF)[C@H](NC(=O)C(F)(F)F)C(=O)N1C[C@H]2[C@@H]([C@H]1C(=O)Nc1ccccc1)C2(C)C,HLYGSFLCGSCGSHQMELANHDKQVHQ,-8.1
CC(C)(C)[C@H](NC(=O)C(F)(F)F)C(=O)N1C[C@H]2[C@@H]([C@H]1C(=O)N[C@@H](C[C@@H]1CCNC1=O)C(N)=O)[C@]2(C)CF,HLYGSFLCGSCGSHQMELANHDKQVHQ,-8.1
CC(C)(CF)[C@H](NC(=O)C(F)(F)F)C(=O)N1C[C@H]2[C@@H]([C@H]1C(=O)Nc1ccccc1)C2(C)C,HLYGSFLCGSCGSHQMELANHDKQVHQ,-8.1
CC(C)(CF)[C@H](NC(=O)C(F)(F)F)C(=O)N1C[C@H]2[C@@H]([C@H]1C(=O)Nc1ccccc1)C2(C)C,HLYGSFLCGSCGSHQMELANHDKQVHQ,-8.1
CC(C)(CF)[C@H](NC(=O)C(F)(F)F)C(=O)N1C[C@H]2[C@@H]([C@H]1C(=O)Nc1ccccc1)C2(C)C,HLYGSFLCGSCGSHQMELANHDKQVHQ,-8.1
CC[C@@H](C[C@H](NC(=O)[C@@H]1[C@@H]2[C@H](CN1C(=O)[C@@H](NC(=O)C(F)(F)F)C(C)(C)C)C2(C)C)C(N)=O)C(=O)Nc1ccccc1,HLYGSFLCGSCGSHQMELANHDKQVHQ,-8.1
CC(C)(C)[C@H](NC(=O)C(F)(F)F)C(=O)N1C[C@H]2[C@@H]([C@H]1C(=O)Nc1ccccc1)C2(C)C,HLYGSFLCGSCGSHQMELANHDKQVHQ,-8
CC(C)(C)[C@H](NC(=O)C(F)(F)F)C(=O)N1C[C@H]2[C@@H]([C@H]1C(=O)Nc1ccccc1)C2(C)C,HLYGSFLCGSCGSHQMELANHDKQVHQ,-8
CC(C)(C)[C@H](NC(=O)C(F)(F)F)C(=O)N1C[C@H]2[C@@H]([C@H]1C(=O)Nc1ccccc1)C2(C)C,HLYGSFLCGSCGSHQMELANHDKQVHQ,-8
CC(C)(C)[C@H](NC(=O)C(F)(F)F)C(=O)N1C[C@H]2[C@@H]([C@H]1C(=O)Nc1ccccc1)C2(C)C,HLYGSFLCGSCGSHQMELANHDKQVHQ,-8
CC(C)(C)[C@H](NC(=O)C(F)(F)F)C(=O)N1C[C@H]2[C@@H]([C@H]1C(=O)Nc1ccccc1)C2(C)C,HLYGSFLCGSCGSHQMELANHDKQVHQ,-8
CC(C)(C)[C@H](NC(=O)C(F)(F)F)C(=O)N1C[C@H]2[C@@H]([C@H]1C(=O)Nc1ccccc1)C2(C)C,HLYGSFLCGSCGSHQMELANHDKQVHQ,-8
CC(C)(C)[C@H](NC(=O)C(F)(F)F)C(=O)N1C[C@H]2[C@@H]([C@H]1C(=O)Nc1ccccc1)C2(C)C,HLYGSFLCGSCGSHQMELANHDKQVHQ,-8
CC[C@@H](C[C@H](NC(=O)[C@@H]1[C@@H]2[C@H](CN1C(=O)[C@@H](NC(=O)C(F)(F)F)C(C)(C)C)C2(C)C)C(N)=O)C(N)=O,HLYGSFLCGSCGSHQMELANHDKQVHQ,-8
CC(C)(C)[C@H](NC(=O)C(F)(F)F)C(=O)N1C[C@H]2[C@@H]([C@H]1C(=O)Nc1ccccc1)C2(C)C,HLYGSFLCGSCGSHQMELANHDKQVHQ,-8
CC(C)(C)[C@H](NC(=O)C(F)(F)F)C(=O)N1C[C@H]2[C@@H]([C@H]1C(=O)Nc1ccccc1)C2(C)C,HLYGSFLCGSCGSHQMELANHDKQVHQ,-8
CC(C)(C)[C@H](NC(=O)C(F)(F)F)C(=O)N1C[C@H]2[C@@H]([C@H]1C(=O)Nc1ccccc1)C2(C)C,HLYGSFLCGSCGSHQMELANHDKQVHQ,-8
CC(C)(C)[C@H](NC(=O)C(F)(F)F)C(=O)N1C[C@H]2[C@@H]([C@H]1C(=O)Nc1ccccc1)C2(C)C,HLYGSFLCGSCGSHQMELANHDKQVHQ,-8
CC(C)(C)[C@H](NC(=O)C(F)(F)F)C(=O)N1C[C@H]2[C@@H]([C@H]1C(=O)Nc1ccccc1)C2(C)C,HLYGSFLCGSCGSHQMELANHDKQVHQ,-8
CC(C)(C)[C@H](NC(=O)C(F)(F)F)C(=O)N1C[C@H]2[C@@H]([C@H]1C(=O)Nc1ccccc1)C2(C)C,HLYGSFLCGSCGSHQMELANHDKQVHQ,-8
CC(C)(C)[C@H](NC(=O)C(F)(F)F)C(=O)N1C[C@H]2[C@@H]([C@H]1C(=O)Nc1ccccc1)C2(C)C,HLYGSFLCGSCGSHQMELANHDKQVHQ,-8
CC(C)(C)[C@H](NC(=O)C(F)(F)F)C(=O)N1C[C@H]2[C@@H]([C@H]1C(=O)Nc1ccccc1)C2(C)C,HLYGSFLCGSCGSHQMELANHDKQVHQ,-8
CC(C)(C)[C@H](NC(=O)C(F)(F)F)C(=O)N1C[C@H]2[C@@H]([C@H]1C(=O)Nc1ccccc1)C2(C)C,HLYGSFLCGSCGSHQMELANHDKQVHQ,-8
CC(C)(C)[C@H](NC(=O)C(F)(F)F)C(=O)N1C[C@H]2[C@@H]([C@H]1C(=O)Nc1ccccc1)C2(C)C,HLYGSFLCGSCGSHQMELANHDKQVHQ,-8
CC(C)(C)[C@H](NC(=O)C(F)(F)F)C(=O)N1C[C@H]2[C@@H]([C@H]1C(=O)Nc1ccccc1)C2(C)C,HLYGSFLCGSCGSHQMELANHDKQVHQ,-8
CC(C)(C)[C@H](NC(=O)C(F)(F)F)C(=O)N1C[C@H]2[C@@H]([C@H]1C(=O)Nc1ccccc1)C2(C)C,HLYGSFLCGSCGSHQMELANHDKQVHQ,-8
CC(C)(C)[C@H](NC(=O)C(F)(F)F)C(=O)N1C[C@H]2[C@@H]([C@H]1C(=O)Nc1ccccc1)C2(C)C,HLYGSFLCGSCGSHQMELANHDKQVHQ,-8
CC(C)(C)[C@H](NC(=O)C(F)(F)F)C(=O)N1C[C@H]2[C@@H]([C@H]1C(=O)Nc1ccccc1)[C@]2(C)C(F)F,HLYGSFLCGSCGSHQMELANHDKQVHQ,-8
CC(C)(CCl)[C@H](NC(=O)C(F)(F)F)C(=O)N1C[C@H]2[C@@H]([C@H]1C(=O)Nc1ccccc1)C2(C)C,HLYGSFLCGSCGSHQMELANHDKQVHQ,-8
CC(C)(CCl)[C@H](NC(=O)C(F)(F)F)C(=O)N1C[C@H]2[C@@H]([C@H]1C(=O)Nc1ccccc1)C2(C)C,HLYGSFLCGSCGSHQMELANHDKQVHQ,-8
CC(C)(CCl)[C@H](NC(=O)C(F)(F)F)C(=O)N1C[C@H]2[C@@H]([C@H]1C(=O)Nc1ccccc1)C2(C)C,HLYGSFLCGSCGSHQMELANHDKQVHQ,-8
CC(C)(CCl)[C@H](NC(=O)C(F)(F)F)C(=O)N1C[C@H]2[C@@H]([C@H]1C(=O)Nc1ccccc1)C2(C)C,HLYGSFLCGSCGSHQMELANHDKQVHQ,-8
CC(C)(CCl)[C@H](NC(=O)C(F)(F)F)C(=O)N1C[C@H]2[C@@H]([C@H]1C(=O)Nc1ccccc1)C2(C)C,HLYGSFLCGSCGSHQMELANHDKQVHQ,-8
CC(C)(CCl)[C@H](NC(=O)C(F)(F)F)C(=O)N1C[C@H]2[C@@H]([C@H]1C(=O)Nc1ccccc1)C2(C)C,HLYGSFLCGSCGSHQMELANHDKQVHQ,-8
CC(C)(C)[C@H](NC(=O)C(F)(F)F)C(=O)N1C[C@H]2[C@@H]([C@H]1C(=O)Nc1ccccc1)C2(C)C,HLYGSFLCGSCGSHQMELANHDKQVHQ,-8
CC[C@@H](C[C@H](NC(=O)[C@@H]1[C@@H]2[C@H](CN1C(=O)[C@@H](NC(=O)C(F)(F)F)C(C)(C)C)C2(C)C)C(N)=O)C(N)=O,HLYGSFLCGSCGSHQMELANHDKQVHQ,-8
CC(C)(C)[C@H](NC(=O)C(F)(F)F)C(=O)N1C[C@H]2[C@@H]([C@H]1C(=O)Nc1ccccc1)C2(C)C,HLYGSFLCGSCGSHQMELANHDKQVHQ,-8
CC(C)(C)[C@H](NC(=S)C(F)(F)F)C(=O)N1C[C@H]2[C@@H]([C@H]1C(=O)Nc1ccccc1)C2(C)C,HLYGSFLCGSCGSHQMELANHDKQVHQ,-7.9
CC(C)(C)[C@H](NNC(=O)C(F)(F)F)C(=O)N1C[C@H]2[C@@H]([C@H]1C(=O)Nc1ccccc1)C2(C)C,HLYGSFLCGSCGSHQMELANHDKQVHQ,-7.9
CC(C)(C)[C@H](NC(=S)C(F)(F)F)C(=O)N1C[C@H]2[C@@H]([C@H]1C(=O)Nc1ccccc1)C2(C)C,HLYGSFLCGSCGSHQMELANHDKQVHQ,-7.9
CC(C)(C)[C@H](NC(=S)C(F)(F)F)C(=O)N1C[C@H]2[C@@H]([C@H]1C(=O)N[C@@H](C[C@@H]1CCNC1=O)C(N)=O)C2(C)C,HLYGSFLCGSCGSHQMELANHDKQVHQ,-7.9
CC(C)(C)[C@H](NNC(=O)C(F)(F)F)C(=O)N1C[C@H]2[C@@H]([C@H]1C(=O)Nc1ccccc1)C2(C)C,HLYGSFLCGSCGSHQMELANHDKQVHQ,-7.9
CC(C)(C)[C@H](NC(=O)C(F)(F)[N+](=O)[O-])C(=O)N1C[C@H]2[C@@H]([C@H]1C(=O)N[C@@H](C[C@@H]1CCNC1=O)C(N)=O)C2(C)C,HLYGSFLCGSCGSHQMELANHDKQVHQ,-7.9
CC(C)(C)[C@H](NC(=O)C(F)(F)[N+](=O)[O-])C(=O)N1C[C@H]2[C@@H]([C@H]1C(=O)N[C@@H](C[C@@H]1CCNC1=O)C(N)=O)C2(C)C,HLYGSFLCGSCGSHQMELANHDKQVHQ,-7.9
CC(C)(C)[C@H](NC(=O)C(F)(F)[N+](=O)[O-])C(=O)N1C[C@H]2[C@@H]([C@H]1C(=O)N[C@@H](C[C@@H]1CCNC1=O)C(N)=O)C2(C)C,HLYGSFLCGSCGSHQMELANHDKQVHQ,-7.9
COC(F)(F)C(=O)N[C@H](C(=O)N1C[C@H]2[C@@H]([C@H]1C(=O)N[C@@H](C[C@@H]1CCNC1=O)C(N)=S)C2(C)C)C(C)(C)C,HLYGSFLCGSCGSHQMELANHDKQVHQ,-7.9
COC(F)(F)C(=O)N[C@H](C(=O)N1C[C@H]2[C@@H]([C@H]1C(=O)N[C@@H](C[C@@H]1CCNC1=O)C(N)=S)C2(C)C)C(C)(C)C,HLYGSFLCGSCGSHQMELANHDKQVHQ,-7.9
COC(F)(F)C(=O)N[C@H](C(=O)N1C[C@H]2[C@@H]([C@H]1C(=O)N[C@@H](C[C@@H]1CCNC1=O)C(N)=S)C2(C)C)C(C)(C)C,HLYGSFLCGSCGSHQMELANHDKQVHQ,-7.9
CC(C)(C)[C@H](NC(=O)C(F)(F)F)C(=O)N1C[C@H]2[C@@H]([C@H]1C(=O)Nc1ccccc1)[C@]2(C)CCl,HLYGSFLCGSCGSHQMELANHDKQVHQ,-7.9
CC(C)(C)[C@H](NC(=O)C(F)(F)F)C(=O)N1C[C@H]2[C@@H]([C@H]1C(=O)Nc1ccccc1)[C@]2(C)CCl,HLYGSFLCGSCGSHQMELANHDKQVHQ,-7.9
CC(C)(C)[C@H](NC(=O)C(F)(F)F)C(=O)N1C[C@H]2[C@@H]([C@H]1C(=O)Nc1ccccc1)[C@@]2(C)CF,HLYGSFLCGSCGSHQMELANHDKQVHQ,-7.9
CC(C)(C)[C@H](NC(=O)C(F)(F)F)C(=O)N1C[C@H]2[C@@H]([C@H]1C(=O)Nc1ccccc1)[C@@]2(C)CF,HLYGSFLCGSCGSHQMELANHDKQVHQ,-7.9
CC(C)(C)[C@H](NC(=O)C(F)(F)F)C(=O)N1C[C@H]2[C@@H]([C@H]1C(=O)N[C@@H](C[C@@H]1CCNC1=O)C(N)=O)[C@@]2(C)CF,HLYGSFLCGSCGSHQMELANHDKQVHQ,-7.9
CC(C)(C)[C@H](NC(=O)C(F)(F)F)C(=O)N1C[C@H]2[C@@H]([C@H]1C(=O)Nc1ccccc1)[C@]2(C)CCl,HLYGSFLCGSCGSHQMELANHDKQVHQ,-7.9
CC(C)(C)[C@H](NC(=O)C(F)(F)F)C(=O)N1C[C@H]2[C@@H]([C@H]1C(=O)Nc1ccccc1)[C@]2(C)CCl,HLYGSFLCGSCGSHQMELANHDKQVHQ,-7.9
CC(C)(C)[C@H](NC(=O)C(F)(F)F)C(=O)N1C[C@H]2[C@@H]([C@H]1C(=O)Nc1ccccc1)[C@@]2(C)CF,HLYGSFLCGSCGSHQMELANHDKQVHQ,-7.9
CC(C)(C)[C@H](NC(=O)C(F)(F)F)C(=O)N1C[C@H]2[C@@H]([C@H]1C(=O)N[C@@H](C[C@@H]1CCNC1=O)C(N)=O)[C@@]2(C)CF,HLYGSFLCGSCGSHQMELANHDKQVHQ,-7.9
CC(C)(C)[C@H](NC(=O)C(F)(F)F)C(=O)N1C[C@H]2[C@@H]([C@H]1C(=O)Nc1ccccc1)[C@@]2(C)CF,HLYGSFLCGSCGSHQMELANHDKQVHQ,-7.9
CC(C)(C)[C@H](NC(=O)C(F)(F)F)C(=O)N1C[C@H]2[C@@H]([C@H]1C(=O)N[C@H](C=O)C[C@@H]1CCNC1=O)C2(C)C,HLYGSFLCGSCGSHQMELANHDKQVHQ,-7.9
CC(C)(C)[C@H](NC(=S)C(F)(F)F)C(=O)N1C[C@H]2[C@@H]([C@H]1C(=O)N[C@@H](C[C@@H]1CCNC1=O)C(N)=O)C2(C)C,HLYGSFLCGSCGSHQMELANHDKQVHQ,-7.9
CC(C)(C)[C@H](NC(=O)C(F)(F)[N+](=O)[O-])C(=O)N1C[C@H]2[C@@H]([C@H]1C(=O)N[C@@H](C[C@@H]1CCNC1=O)C(N)=O)C2(C)C,HLYGSFLCGSCGSHQMELANHDKQVHQ,-7.9
CC(C)(C)[C@H](NC(=O)C(F)(F)[N+](=O)[O-])C(=O)N1C[C@H]2[C@@H]([C@H]1C(=O)N[C@@H](C[C@@H]1CCNC1=O)C(N)=O)C2(C)C,HLYGSFLCGSCGSHQMELANHDKQVHQ,-7.9
CC(C)(C)[C@H](NC(=O)C(F)(F)[N+](=O)[O-])C(=O)N1C[C@H]2[C@@H]([C@H]1C(=O)N[C@@H](C[C@@H]1CCNC1=O)C(N)=O)C2(C)C,HLYGSFLCGSCGSHQMELANHDKQVHQ,-7.9
COC(F)(F)C(=O)N[C@H](C(=O)N1C[C@H]2[C@@H]([C@H]1C(=O)N[C@@H](C[C@@H]1CCNC1=O)C(N)=S)C2(C)C)C(C)(C)C,HLYGSFLCGSCGSHQMELANHDKQVHQ,-7.9
COC(F)(F)C(=O)N[C@H](C(=O)N1C[C@H]2[C@@H]([C@H]1C(=O)N[C@@H](C[C@@H]1CCNC1=O)C(N)=S)C2(C)C)C(C)(C)C,HLYGSFLCGSCGSHQMELANHDKQVHQ,-7.9
COC(F)(F)C(=O)N[C@H](C(=O)N1C[C@H]2[C@@H]([C@H]1C(=O)N[C@@H](C[C@@H]1CCNC1=O)C(N)=S)C2(C)C)C(C)(C)C,HLYGSFLCGSCGSHQMELANHDKQVHQ,-7.9
CC(C)(C)[C@H](NC(=O)C(F)(F)F)C(=S)N1C[C@H]2[C@@H]([C@H]1C(=O)Nc1ccccc1)C2(C)C,HLYGSFLCGSCGSHQMELANHDKQVHQ,-7.8
CC(C)(C)[C@H](NC(=O)C(F)(F)F)C(=S)N1C[C@H]2[C@@H]([C@H]1C(=O)Nc1ccccc1)C2(C)C,HLYGSFLCGSCGSHQMELANHDKQVHQ,-7.8
CC(C)(C)[C@H](NC(=O)C(F)(F)[N+](=O)[O-])C(=O)N1C[C@H]2[C@@H]([C@H]1C(=O)N[C@@H](C[C@@H]1CCNC1=O)C(N)=S)C2(C)C,HLYGSFLCGSCGSHQMELANHDKQVHQ,-7.8
CC(C)(C)[C@H](NC(=O)C(F)(F)[N+](=O)[O-])C(=O)N1C[C@H]2[C@@H]([C@H]1C(=O)N[C@@H](C[C@@H]1CCNC1=O)C(N)=S)C2(C)C,HLYGSFLCGSCGSHQMELANHDKQVHQ,-7.8
CC(C)(C)[C@H](NC(=O)C(F)(F)[N+](=O)[O-])C(=O)N1C[C@H]2[C@@H]([C@H]1C(=O)N[C@@H](C[C@@H]1CCNC1=O)C(N)=S)C2(C)C,HLYGSFLCGSCGSHQMELANHDKQVHQ,-7.8
CC(C)(C)[C@H](NC(=O)C(F)(F)F)C(=O)N1C[C@H]2[C@@H]([C@H]1C(=O)N[C@@H](C[C@@H]1CCNC1=O)C(N)=O)[C@]2(C)C(F)F,HLYGSFLCGSCGSHQMELANHDKQVHQ,-7.8
CC(C)(C)[C@H](NC(=O)C(F)(F)[N+](=O)[O-])C(=O)N1C[C@H]2[C@@H]([C@H]1C(=O)N[C@@H](C[C@@H]1CCNC1=O)C(N)=S)C2(C)C,HLYGSFLCGSCGSHQMELANHDKQVHQ,-7.8
CC(C)(C)[C@H](NC(=O)C(F)(F)[N+](=O)[O-])C(=O)N1C[C@H]2[C@@H]([C@H]1C(=O)N[C@@H](C[C@@H]1CCNC1=O)C(N)=S)C2(C)C,HLYGSFLCGSCGSHQMELANHDKQVHQ,-7.8
CC(C)(C)[C@H](NC(=O)C(F)(F)[N+](=O)[O-])C(=O)N1C[C@H]2[C@@H]([C@H]1C(=O)N[C@@H](C[C@@H]1CCNC1=O)C(N)=S)C2(C)C,HLYGSFLCGSCGSHQMELANHDKQVHQ,-7.8
CC(C)(C)[C@H](NC(=O)C(F)(F)F)C(=O)N1C[C@H]2[C@@H]([C@H]1C(=O)c1ccccc1C(N)=O)C2(C)C,HLYGSFLCGSCGSHQMELANHDKQVHQ,-7.7
CC(C)(C)[C@H](NC(=O)C(F)(F)F)C(=O)NN1C[C@H]2[C@@H]([C@H]1C(=O)Nc1ccccc1)C2(C)C,HLYGSFLCGSCGSHQMELANHDKQVHQ,-7.7
CC(C)(C)[C@H](NC(=O)C(F)(F)C#N)C(=O)N1C[C@H]2[C@@H]([C@H]1C(=O)Nc1ccccc1)C2(C)C,HLYGSFLCGSCGSHQMELANHDKQVHQ,-7.7
CC(C)(C)[C@H](NC(=O)C(F)(F)C#N)C(=O)N1C[C@H]2[C@@H]([C@H]1C(=O)Nc1ccccc1)C2(C)C,HLYGSFLCGSCGSHQMELANHDKQVHQ,-7.7
CC(C)(C)[C@H](NC(=O)C(F)(F)C#N)C(=O)N1C[C@H]2[C@@H]([C@H]1C(=O)Nc1ccccc1)C2(C)C,HLYGSFLCGSCGSHQMELANHDKQVHQ,-7.7
CC[C@@H](C[C@@H](C#N)NNC(=O)[C@@H]1[C@@H]2[C@H](CN1C(=O)[C@@H](NC(=O)C(F)(F)F)C(C)(C)C)C2(C)C)C(=O)Nc1ccccc1,HLYGSFLCGSCGSHQMELANHDKQVHQ,-7.7
CC(C)(C)[C@H](NC(=O)C(F)(F)F)C(=O)NN1C[C@H]2[C@@H]([C@H]1C(=O)Nc1ccccc1)C2(C)C,HLYGSFLCGSCGSHQMELANHDKQVHQ,-7.7
CC[C@@H](C[C@@H](C#N)NNC(=O)[C@@H]1[C@@H]2[C@H](CN1C(=O)[C@@H](NC(=O)C(F)(F)F)C(C)(C)C)C2(C)C)C(=O)Nc1ccccc1,HLYGSFLCGSCGSHQMELANHDKQVHQ,-7.7
CC(C)(C)[C@H](NC(=O)C(F)(F)C#N)C(=O)N1C[C@H]2[C@@H]([C@H]1C(=O)Nc1ccccc1)C2(C)C,HLYGSFLCGSCGSHQMELANHDKQVHQ,-7.7
CC(C)(C)[C@H](NC(=O)C(F)(F)C#N)C(=O)N1C[C@H]2[C@@H]([C@H]1C(=O)Nc1ccccc1)C2(C)C,HLYGSFLCGSCGSHQMELANHDKQVHQ,-7.7
CC(C)(C)[C@H](NC(=O)C(F)(F)C#N)C(=O)N1C[C@H]2[C@@H]([C@H]1C(=O)Nc1ccccc1)C2(C)C,HLYGSFLCGSCGSHQMELANHDKQVHQ,-7.7
CC(C)(C(F)F)[C@H](NC(=O)C(F)(F)F)C(=O)N1C[C@H]2[C@@H]([C@H]1C(=O)Nc1ccccc1)C2(C)C,HLYGSFLCGSCGSHQMELANHDKQVHQ,-7.7
CC(C)(C(F)F)[C@H](NC(=O)C(F)(F)F)C(=O)N1C[C@H]2[C@@H]([C@H]1C(=O)N[C@@H](C[C@@H]1CCNC1=O)C(N)=O)C2(C)C,HLYGSFLCGSCGSHQMELANHDKQVHQ,-7.7
CC(C)(C(F)F)[C@H](NC(=O)C(F)(F)F)C(=O)N1C[C@H]2[C@@H]([C@H]1C(=O)Nc1ccccc1)C2(C)C,HLYGSFLCGSCGSHQMELANHDKQVHQ,-7.7
CC(C)(C(F)F)[C@H](NC(=O)C(F)(F)F)C(=O)N1C[C@H]2[C@@H]([C@H]1C(=O)N[C@@H](C[C@@H]1CCNC1=O)C(N)=O)C2(C)C,HLYGSFLCGSCGSHQMELANHDKQVHQ,-7.7
CC(C)(C(F)F)[C@H](NC(=O)C(F)(F)F)C(=O)N1C[C@H]2[C@@H]([C@H]1C(=O)Nc1ccccc1)C2(C)C,HLYGSFLCGSCGSHQMELANHDKQVHQ,-7.7
CC(C)(C(F)F)[C@H](NC(=O)C(F)(F)F)C(=O)N1C[C@H]2[C@@H]([C@H]1C(=O)N[C@@H](C[C@@H]1CCNC1=O)C(N)=O)C2(C)C,HLYGSFLCGSCGSHQMELANHDKQVHQ,-7.7
CC(C)(C(F)F)[C@H](NC(=O)C(F)(F)F)C(=O)N1C[C@H]2[C@@H]([C@H]1C(=O)Nc1ccccc1)C2(C)C,HLYGSFLCGSCGSHQMELANHDKQVHQ,-7.7
CC(C)(C(F)F)[C@H](NC(=O)C(F)(F)F)C(=O)N1C[C@H]2[C@@H]([C@H]1C(=O)N[C@@H](C[C@@H]1CCNC1=O)C(N)=O)C2(C)C,HLYGSFLCGSCGSHQMELANHDKQVHQ,-7.7
CC(C)(C(F)F)[C@H](NC(=O)C(F)(F)F)C(=O)N1C[C@H]2[C@@H]([C@H]1C(=O)Nc1ccccc1)C2(C)C,HLYGSFLCGSCGSHQMELANHDKQVHQ,-7.7
CC(C)(C(F)F)[C@H](NC(=O)C(F)(F)F)C(=O)N1C[C@H]2[C@@H]([C@H]1C(=O)N[C@@H](C[C@@H]1CCNC1=O)C(N)=O)C2(C)C,HLYGSFLCGSCGSHQMELANHDKQVHQ,-7.7
CC(C)(C(F)F)[C@H](NC(=O)C(F)(F)F)C(=O)N1C[C@H]2[C@@H]([C@H]1C(=O)Nc1ccccc1)C2(C)C,HLYGSFLCGSCGSHQMELANHDKQVHQ,-7.7
CC(C)(C(F)F)[C@H](NC(=O)C(F)(F)F)C(=O)N1C[C@H]2[C@@H]([C@H]1C(=O)N[C@@H](C[C@@H]1CCNC1=O)C(N)=O)C2(C)C,HLYGSFLCGSCGSHQMELANHDKQVHQ,-7.7
CC(C)(C)[C@H](NC(=O)C(F)(F)F)C(=O)NN1C[C@H]2[C@@H]([C@H]1C(=O)c1ccccc1C#N)C2(C)C,HLYGSFLCGSCGSHQMELANHDKQVHQ,-7.6
CC(C)(C)[C@H](NC(=O)C(F)(F)[N+](=O)[O-])C(=O)N1C[C@H]2[C@@H]([C@H]1C(=O)c1ccccc1C#N)C2(C)C,HLYGSFLCGSCGSHQMELANHDKQVHQ,-7.6
CC(C)(C)[C@H](NC(=O)C(F)(F)[N+](=O)[O-])C(=O)N1C[C@H]2[C@@H]([C@H]1C(=O)c1ccccc1C#N)C2(C)C,HLYGSFLCGSCGSHQMELANHDKQVHQ,-7.6
CC(C)(C)[C@H](NC(=O)C(F)(F)[N+](=O)[O-])C(=O)N1C[C@H]2[C@@H]([C@H]1C(=O)c1ccccc1C#N)C2(C)C,HLYGSFLCGSCGSHQMELANHDKQVHQ,-7.6
CC(C)(C)[C@H](NC(=O)C(F)(F)[N+](=O)[O-])C(=O)N1C[C@H]2[C@@H]([C@H]1C(=O)Nc1ccccc1)C2(C)C,HLYGSFLCGSCGSHQMELANHDKQVHQ,-7.6
CC(C)(C)[C@H](NC(=O)C(F)(F)[N+](=O)[O-])C(=O)N1C[C@H]2[C@@H]([C@H]1C(=O)Nc1ccccc1)C2(C)C,HLYGSFLCGSCGSHQMELANHDKQVHQ,-7.6
CC(C)(C)[C@H](NC(=O)C(F)(F)[N+](=O)[O-])C(=O)N1C[C@H]2[C@@H]([C@H]1C(=O)Nc1ccccc1)C2(C)C,HLYGSFLCGSCGSHQMELANHDKQVHQ,-7.6
CC[C@@H](C[C@@H](C#N)NC(=S)[C@@H]1[C@@H]2[C@H](CN1C(=O)[C@@H](NC(=O)C(F)(F)F)C(C)(C)C)C2(C)C)C(N)=O,HLYGSFLCGSCGSHQMELANHDKQVHQ,-7.6
CC[C@H](CN)C[C@H](NC(=O)[C@@H]1[C@@H]2[C@H](CN1C(=O)[C@@H](NC(=O)C(F)(F)F)C(C)(C)C)C2(C)C)C(N)=O,HLYGSFLCGSCGSHQMELANHDKQVHQ,-7.6
CC[C@@H](C[C@H](NC(=O)[C@@H]1[C@@H]2[C@H](CN1C(=O)[C@@H](NC(=O)C(F)(F)F)C(C)(C)C)C2(C)C)C(N)=O)C(=O)N[SH](=O)=O,HLYGSFLCGSCGSHQMELANHDKQVHQ,-7.6
CC[C@@H](C[C@@H](C#N)NC(=S)[C@@H]1[C@@H]2[C@H](CN1C(=O)[C@@H](NC(=O)C(F)(F)F)C(C)(C)C)C2(C)C)C(N)=O,HLYGSFLCGSCGSHQMELANHDKQVHQ,-7.6
CC(C)(C)[C@H](NC(=O)C(F)(F)F)C(=O)NN1C[C@H]2[C@@H]([C@H]1C(=O)c1ccccc1C#N)C2(C)C,HLYGSFLCGSCGSHQMELANHDKQVHQ,-7.6
CC(C)(C)[C@H](NC(=O)C(F)(F)F)C(=O)N1C[C@H]2[C@@H]([C@H]1C(=O)N[C@@H](C[C@@H]1CCNNC1=O)C(N)=S)C2(C)C,HLYGSFLCGSCGSHQMELANHDKQVHQ,-7.6
CC(C)(C)[C@H](NC(=O)C(F)(F)[N+](=O)[O-])C(=O)N1C[C@H]2[C@@H]([C@H]1C(=O)c1ccccc1C#N)C2(C)C,HLYGSFLCGSCGSHQMELANHDKQVHQ,-7.6
CC(C)(C)[C@H](NC(=O)C(F)(F)[N+](=O)[O-])C(=O)N1C[C@H]2[C@@H]([C@H]1C(=O)Nc1ccccc1)C2(C)C,HLYGSFLCGSCGSHQMELANHDKQVHQ,-7.6
CC(C)(C)[C@H](NC(=O)C(F)(F)[N+](=O)[O-])C(=O)N1C[C@H]2[C@@H]([C@H]1C(=O)c1ccccc1C#N)C2(C)C,HLYGSFLCGSCGSHQMELANHDKQVHQ,-7.6
CC(C)(C)[C@H](NC(=O)C(F)(F)[N+](=O)[O-])C(=O)N1C[C@H]2[C@@H]([C@H]1C(=O)Nc1ccccc1)C2(C)C,HLYGSFLCGSCGSHQMELANHDKQVHQ,-7.6
CC(C)(C)[C@H](NC(=O)C(F)(F)[N+](=O)[O-])C(=O)N1C[C@H]2[C@@H]([C@H]1C(=O)c1ccccc1C#N)C2(C)C,HLYGSFLCGSCGSHQMELANHDKQVHQ,-7.6
CC(C)(C)[C@H](NC(=O)C(F)(F)[N+](=O)[O-])C(=O)N1C[C@H]2[C@@H]([C@H]1C(=O)Nc1ccccc1)C2(C)C,HLYGSFLCGSCGSHQMELANHDKQVHQ,-7.6
CC[C@H](CN)C[C@@H](C#N)NC(=O)[C@@H]1[C@@H]2[C@H](CN1C(=O)[C@@H](NC(=O)C(F)(F)F)C(C)(C)C)[C@@]2(C)C(F)F,HLYGSFLCGSCGSHQMELANHDKQVHQ,-7.6
CC[C@H](CN)C[C@@H](C#N)NC(=O)[C@@H]1[C@@H]2[C@H](CN1C(=O)[C@@H](NC(=O)C(F)(F)F)C(C)(C)C)[C@@]2(C)C(F)F,HLYGSFLCGSCGSHQMELANHDKQVHQ,-7.6
CC(C)(C)[C@H](NC(=O)C(F)(F)F)C(=O)N1C[C@H]2[C@@H]([C@H]1C(=O)N[C@@H](C[C@@H]1CCNC1=O)C(N)=O)[C@]2(C)CCl,HLYGSFLCGSCGSHQMELANHDKQVHQ,-7.6
CC(C)(CCl)[C@H](NC(=O)C(F)(F)F)C(=O)N1C[C@H]2[C@@H]([C@H]1C(=O)N[C@@H](C[C@@H]1CCNC1=O)C(N)=S)C2(C)C,HLYGSFLCGSCGSHQMELANHDKQVHQ,-7.6
CC(C)(CCl)[C@H](NC(=O)C(F)(F)F)C(=O)N1C[C@H]2[C@@H]([C@H]1C(=O)N[C@@H](C[C@@H]1CCNC1=O)C(N)=S)C2(C)C,HLYGSFLCGSCGSHQMELANHDKQVHQ,-7.6
CC(C)(CCl)[C@H](NC(=O)C(F)(F)F)C(=O)N1C[C@H]2[C@@H]([C@H]1C(=O)N[C@@H](C[C@@H]1CCNC1=O)C(N)=S)C2(C)C,HLYGSFLCGSCGSHQMELANHDKQVHQ,-7.6
CC(C)(C)[C@H](NC(=O)C(F)(F)F)C(=O)N1C[C@H]2[C@@H]([C@H]1C(=O)N[C@@H](C[C@@H]1CCNC1=O)C(N)=S)[C@]2(C)CF,HLYGSFLCGSCGSHQMELANHDKQVHQ,-7.6
CC(C)(C)[C@H](NC(=O)C(F)(F)F)C(=O)N1C[C@H]2[C@@H]([C@H]1C(=O)N[C@@H](C[C@@H]1CCNC1=O)C(N)=S)[C@]2(C)CF,HLYGSFLCGSCGSHQMELANHDKQVHQ,-7.6
CC[C@@H](C[C@@H](C#N)NC(=O)[C@@H]1[C@@H]2[C@H](CN1C(=O)[C@@H](NC(=O)C(F)(F)F)C(C)(C)CF)C2(C)C)C(=O)Nc1ccccc1,HLYGSFLCGSCGSHQMELANHDKQVHQ,-7.6
CC[C@@H](C[C@@H](C#N)NC(=O)[C@@H]1[C@@H]2[C@H](CN1C(=O)[C@@H](NC(=O)C(F)(F)F)C(C)(C)CF)C2(C)C)C(N)=O,HLYGSFLCGSCGSHQMELANHDKQVHQ,-7.6
CC[C@@H](C[C@@H](C#N)NC(=O)[C@@H]1[C@@H]2[C@H](CN1C(=O)[C@@H](NC(=O)C(F)(F)F)C(C)(C)CF)C2(C)C)C(=O)Nc1ccccc1,HLYGSFLCGSCGSHQMELANHDKQVHQ,-7.6
CC[C@@H](C[C@@H](C#N)NC(=O)[C@@H]1[C@@H]2[C@H](CN1C(=O)[C@@H](NC(=O)C(F)(F)F)C(C)(C)CF)C2(C)C)C(N)=O,HLYGSFLCGSCGSHQMELANHDKQVHQ,-7.6
CC[C@@H](C[C@@H](C#N)NC(=O)[C@@H]1[C@@H]2[C@H](CN1C(=O)[C@@H](NC(=O)C(F)(F)F)C(C)(C)CF)C2(C)C)C(=O)Nc1ccccc1,HLYGSFLCGSCGSHQMELANHDKQVHQ,-7.6
CC[C@@H](C[C@@H](C#N)NC(=O)[C@@H]1[C@@H]2[C@H](CN1C(=O)[C@@H](NC(=O)C(F)(F)F)C(C)(C)CF)C2(C)C)C(N)=O,HLYGSFLCGSCGSHQMELANHDKQVHQ,-7.6
CC[C@H](CN)C[C@@H](C#N)NC(=O)[C@@H]1[C@@H]2[C@H](CN1C(=O)[C@@H](NC(=O)C(F)(F)F)C(C)(C)C)[C@@]2(C)C(F)F,HLYGSFLCGSCGSHQMELANHDKQVHQ,-7.6
CC(C)(C)[C@H](NC(=O)C(F)(F)F)C(=O)N1C[C@H]2[C@@H]([C@H]1C(=O)N[C@@H](C[C@@H]1CCNC1=O)C(N)=O)[C@]2(C)CCl,HLYGSFLCGSCGSHQMELANHDKQVHQ,-7.6
CC(C)(CCl)[C@H](NC(=O)C(F)(F)F)C(=O)N1C[C@H]2[C@@H]([C@H]1C(=O)N[C@@H](C[C@@H]1CCNC1=O)C(N)=S)C2(C)C,HLYGSFLCGSCGSHQMELANHDKQVHQ,-7.6
CC(C)(CCl)[C@H](NC(=O)C(F)(F)F)C(=O)N1C[C@H]2[C@@H]([C@H]1C(=O)N[C@@H](C[C@@H]1CCNC1=O)C(N)=S)C2(C)C,HLYGSFLCGSCGSHQMELANHDKQVHQ,-7.6
CC(C)(CCl)[C@H](NC(=O)C(F)(F)F)C(=O)N1C[C@H]2[C@@H]([C@H]1C(=O)N[C@@H](C[C@@H]1CCNC1=O)C(N)=S)C2(C)C,HLYGSFLCGSCGSHQMELANHDKQVHQ,-7.6
CC(C)(C)[C@H](NC(=O)C(F)(F)F)C(=O)N1C[C@H]2[C@@H]([C@H]1C(=O)N[C@@H](C[C@@H]1CCNC1=O)C(N)=S)[C@]2(C)CF,HLYGSFLCGSCGSHQMELANHDKQVHQ,-7.6
CC[C@@H](C[C@@H](C#N)NC(=O)[C@@H]1[C@@H]2[C@H](CN1C(=O)[C@@H](NC(=O)C(F)(F)F)C(C)(C)CF)C2(C)C)C(=O)Nc1ccccc1,HLYGSFLCGSCGSHQMELANHDKQVHQ,-7.6
CC[C@@H](C[C@@H](C#N)NC(=O)[C@@H]1[C@@H]2[C@H](CN1C(=O)[C@@H](NC(=O)C(F)(F)F)C(C)(C)CF)C2(C)C)C(N)=O,HLYGSFLCGSCGSHQMELANHDKQVHQ,-7.6
CC[C@@H](C[C@@H](C#N)NC(=O)[C@@H]1[C@@H]2[C@H](CN1C(=O)[C@@H](NC(=O)C(F)(F)F)C(C)(C)CF)C2(C)C)C(=O)Nc1ccccc1,HLYGSFLCGSCGSHQMELANHDKQVHQ,-7.6
CC[C@@H](C[C@@H](C#N)NC(=O)[C@@H]1[C@@H]2[C@H](CN1C(=O)[C@@H](NC(=O)C(F)(F)F)C(C)(C)CF)C2(C)C)C(N)=O,HLYGSFLCGSCGSHQMELANHDKQVHQ,-7.6
CC[C@@H](C[C@@H](C#N)NC(=O)[C@@H]1[C@@H]2[C@H](CN1C(=O)[C@@H](NC(=O)C(F)(F)F)C(C)(C)CF)C2(C)C)C(=O)Nc1ccccc1,HLYGSFLCGSCGSHQMELANHDKQVHQ,-7.6
CC[C@@H](C[C@@H](C#N)NC(=O)[C@@H]1[C@@H]2[C@H](CN1C(=O)[C@@H](NC(=O)C(F)(F)F)C(C)(C)CF)C2(C)C)C(N)=O,HLYGSFLCGSCGSHQMELANHDKQVHQ,-7.6
CC[C@H](CN)C[C@H](NC(=O)[C@@H]1[C@@H]2[C@H](CN1C(=O)[C@@H](NC(=O)C(F)(F)F)C(C)(C)C)C2(C)C)C(N)=O,HLYGSFLCGSCGSHQMELANHDKQVHQ,-7.6
CC[C@@H](C[C@H](NC(=O)[C@@H]1[C@@H]2[C@H](CN1C(=O)[C@@H](NC(=O)C(F)(F)F)C(C)(C)C)C2(C)C)C(N)=O)C(=O)N[SH](=O)=O,HLYGSFLCGSCGSHQMELANHDKQVHQ,-7.6
CC(C)(C)[C@H](NC(=O)C(F)(F)F)C(=O)N1C[C@H]2[C@@H]([C@H]1C(=O)N[C@@H](C[C@@H]1CCNNC1=O)C(N)=S)C2(C)C,HLYGSFLCGSCGSHQMELANHDKQVHQ,-7.6
COC(F)(F)C(=O)N[C@H](C(=O)N1C[C@H]2[C@@H]([C@H]1C(=O)Nc1ccccc1)C2(C)C)C(C)(C)C,HLYGSFLCGSCGSHQMELANHDKQVHQ,-7.5
COC(F)(F)C(=O)N[C@H](C(=O)N1C[C@H]2[C@@H]([C@H]1C(=O)Nc1ccccc1)C2(C)C)C(C)(C)C,HLYGSFLCGSCGSHQMELANHDKQVHQ,-7.5
COC(F)(F)C(=O)N[C@H](C(=O)N1C[C@H]2[C@@H]([C@H]1C(=O)Nc1ccccc1)C2(C)C)C(C)(C)C,HLYGSFLCGSCGSHQMELANHDKQVHQ,-7.5
CC(C)(C)[C@H](NC(=S)C(F)(F)F)C(=O)N1C[C@H]2[C@@H]([C@H]1C(=O)N[C@@H](C[C@@H]1CCNC1=O)C(N)=S)C2(C)C,HLYGSFLCGSCGSHQMELANHDKQVHQ,-7.5
CC(C)(C)[C@H](NC(=O)C(F)(F)F)C(=O)N1C[C@H]2[C@@H]([C@H]1C(=O)N[C@@H](C[C@@H]1CCNNC1=O)C(N)=O)C2(C)C,HLYGSFLCGSCGSHQMELANHDKQVHQ,-7.5
CC(C)(C)[C@H](NC(=O)C(F)(F)C#N)C(=O)N1C[C@H]2[C@@H]([C@H]1C(=O)N[C@@H](C[C@@H]1CCNC1=O)C(N)=O)C2(C)C,HLYGSFLCGSCGSHQMELANHDKQVHQ,-7.5
CC(C)(C)[C@H](NC(=O)C(F)(F)C#N)C(=O)N1C[C@H]2[C@@H]([C@H]1C(=O)N[C@@H](C[C@@H]1CCNC1=O)C(N)=O)C2(C)C,HLYGSFLCGSCGSHQMELANHDKQVHQ,-7.5
CC(C)(C)[C@H](NC(=O)C(F)(F)C#N)C(=O)N1C[C@H]2[C@@H]([C@H]1C(=O)N[C@@H](C[C@@H]1CCNC1=O)C(N)=O)C2(C)C,HLYGSFLCGSCGSHQMELANHDKQVHQ,-7.5
COC(F)(F)C(=O)N[C@H](C(=O)N1C[C@H]2[C@@H]([C@H]1C(=O)Nc1ccccc1)C2(C)C)C(C)(C)C,HLYGSFLCGSCGSHQMELANHDKQVHQ,-7.5
COC(F)(F)C(=O)N[C@H](C(=O)N1C[C@H]2[C@@H]([C@H]1C(=O)Nc1ccccc1)C2(C)C)C(C)(C)C,HLYGSFLCGSCGSHQMELANHDKQVHQ,-7.5
COC(F)(F)C(=O)N[C@H](C(=O)N1C[C@H]2[C@@H]([C@H]1C(=O)Nc1ccccc1)C2(C)C)C(C)(C)C,HLYGSFLCGSCGSHQMELANHDKQVHQ,-7.5
CC(C)(C)[C@H](NC(=O)C(F)(F)F)C(=O)N1C[C@H]2[C@@H]([C@H]1C(=O)N[C@@H](C[C@@H]1CCNC1=O)C(N)=O)[C@@]2(C)C(F)F,HLYGSFLCGSCGSHQMELANHDKQVHQ,-7.5
CC(C)(C)[C@H](NC(=O)C(F)(F)F)C(=O)N1C[C@H]2[C@@H]([C@H]1C(=O)N[C@@H](C[C@@H]1CCNC1=O)C(N)=O)[C@@]2(C)C(F)F,HLYGSFLCGSCGSHQMELANHDKQVHQ,-7.5
CC(C)(C(F)F)[C@H](NC(=O)C(F)(F)F)C(=O)N1C[C@H]2[C@@H]([C@H]1C(=O)N[C@@H](C[C@@H]1CCNC1=O)C(N)=S)C2(C)C,HLYGSFLCGSCGSHQMELANHDKQVHQ,-7.5
CC(C)(C(F)F)[C@H](NC(=O)C(F)(F)F)C(=O)N1C[C@H]2[C@@H]([C@H]1C(=O)N[C@@H](C[C@@H]1CCNC1=O)C(N)=S)C2(C)C,HLYGSFLCGSCGSHQMELANHDKQVHQ,-7.5
CC(C)(C(F)F)[C@H](NC(=O)C(F)(F)F)C(=O)N1C[C@H]2[C@@H]([C@H]1C(=O)N[C@@H](C[C@@H]1CCNC1=O)C(N)=S)C2(C)C,HLYGSFLCGSCGSHQMELANHDKQVHQ,-7.5
CC(C)(C)[C@H](NC(=O)C(F)(F)F)C(=O)N1C[C@H]2[C@@H]([C@H]1C(=O)N[C@@H](C[C@@H]1CCNC1=O)C(N)=O)[C@@]2(C)CCl,HLYGSFLCGSCGSHQMELANHDKQVHQ,-7.5
CC[C@H](CN)C[C@@H](C#N)NC(=O)[C@@H]1[C@@H]2[C@H](CN1C(=O)[C@@H](NC(=O)C(F)(F)F)C(C)(C)C)[C@@]2(C)CF,HLYGSFLCGSCGSHQMELANHDKQVHQ,-7.5
CC[C@@H](C[C@@H](C#N)NC(=O)[C@@H]1[C@@H]2[C@H](CN1C(=O)[C@@H](NC(=O)C(F)(F)F)C(C)(C)C)[C@@]2(C)C(F)F)C(N)=O,HLYGSFLCGSCGSHQMELANHDKQVHQ,-7.5
CC(C)(C)[C@H](NC(=O)C(F)(F)F)C(=O)N1C[C@H]2[C@@H]([C@H]1C(=O)N[C@@H](C[C@@H]1CCNC1=O)C(N)=O)[C@@]2(C)C(F)F,HLYGSFLCGSCGSHQMELANHDKQVHQ,-7.5
CC(C)(C(F)F)[C@H](NC(=O)C(F)(F)F)C(=O)N1C[C@H]2[C@@H]([C@H]1C(=O)N[C@@H](C[C@@H]1CCNC1=O)C(N)=S)C2(C)C,HLYGSFLCGSCGSHQMELANHDKQVHQ,-7.5
CC(C)(C(F)F)[C@H](NC(=O)C(F)(F)F)C(=O)N1C[C@H]2[C@@H]([C@H]1C(=O)N[C@@H](C[C@@H]1CCNC1=O)C(N)=S)C2(C)C,HLYGSFLCGSCGSHQMELANHDKQVHQ,-7.5
CC(C)(C(F)F)[C@H](NC(=O)C(F)(F)F)C(=O)N1C[C@H]2[C@@H]([C@H]1C(=O)N[C@@H](C[C@@H]1CCNC1=O)C(N)=S)C2(C)C,HLYGSFLCGSCGSHQMELANHDKQVHQ,-7.5
CC[C@@H](C[C@@H](C#N)NC(=O)[C@@H]1[C@@H]2[C@H](CN1C(=O)[C@@H](NC(=O)C(F)(F)F)C(C)(C)C)[C@@]2(C)CCl)C(=O)Nc1ccccc1,HLYGSFLCGSCGSHQMELANHDKQVHQ,-7.5
CC[C@@H](C[C@@H](C#N)NC(=O)[C@@H]1[C@@H]2[C@H](CN1C(=O)[C@@H](NC(=O)C(F)(F)F)C(C)(C)C)[C@@]2(C)CCl)C(=O)Nc1ccccc1,HLYGSFLCGSCGSHQMELANHDKQVHQ,-7.5
CC(C)(C)[C@H](NC(=O)C(F)(F)F)C(=O)N1C[C@H]2[C@@H]([C@H]1C(=O)N[C@@H](C[C@@H]1CCNC1=O)C(N)=O)[C@@]2(C)CCl,HLYGSFLCGSCGSHQMELANHDKQVHQ,-7.5
CC[C@H](CN)C[C@@H](C#N)NC(=O)[C@@H]1[C@@H]2[C@H](CN1C(=O)[C@@H](NC(=O)C(F)(F)F)C(C)(C)C)[C@@]2(C)CF,HLYGSFLCGSCGSHQMELANHDKQVHQ,-7.5
CC(C)(C)[C@H](NC(=O)C(F)(F)F)C(=O)N1C[C@H]2[C@@H]([C@H]1C(=O)N[C@@H](C[C@@H]1CCNC1=O)C(=O)Nc1ccccc1)C2(C)C,HLYGSFLCGSCGSHQMELANHDKQVHQ,-7.5
CC(C)(C)[C@H](NC(=O)C(F)(F)F)C(=O)N1C[C@H]2[C@@H]([C@H]1C(=O)N[C@@H](C[C@@H]1CCNNC1=O)C(N)=O)C2(C)C,HLYGSFLCGSCGSHQMELANHDKQVHQ,-7.5
CC(C)(C)[C@H](NC(=O)C(F)(F)C#N)C(=O)N1C[C@H]2[C@@H]([C@H]1C(=O)N[C@@H](C[C@@H]1CCNC1=O)C(N)=O)C2(C)C,HLYGSFLCGSCGSHQMELANHDKQVHQ,-7.5
CC(C)(C)[C@H](NC(=O)C(F)(F)C#N)C(=O)N1C[C@H]2[C@@H]([C@H]1C(=O)N[C@@H](C[C@@H]1CCNC1=O)C(N)=O)C2(C)C,HLYGSFLCGSCGSHQMELANHDKQVHQ,-7.5
CC(C)(C)[C@H](NC(=O)C(F)(F)C#N)C(=O)N1C[C@H]2[C@@H]([C@H]1C(=O)N[C@@H](C[C@@H]1CCNC1=O)C(N)=O)C2(C)C,HLYGSFLCGSCGSHQMELANHDKQVHQ,-7.5
CC(C)(C)[C@H](NC(=S)C(F)(F)F)C(=O)N1C[C@H]2[C@@H]([C@H]1C(=O)N[C@@H](C[C@@H]1CCNC1=O)C(N)=S)C2(C)C,HLYGSFLCGSCGSHQMELANHDKQVHQ,-7.5
CC(C)(C)[C@H](NC(=S)C(F)(F)F)C(=O)N1C[C@H]2[C@@H]([C@H]1C(=O)c1ccccc1C#N)C2(C)C,HLYGSFLCGSCGSHQMELANHDKQVHQ,-7.4
CC(C)(C)[C@H](NNC(=O)C(F)(F)F)C(=O)N1C[C@H]2[C@@H]([C@H]1C(=O)c1ccccc1C#N)C2(C)C,HLYGSFLCGSCGSHQMELANHDKQVHQ,-7.4
CC(C)(C)[C@H](NC(=O)C(F)(F)F)C(=O)N1C[C@H]2[C@@H]([C@H]1C(=O)N[C@@H](C[C@@H]1CCNC1=S)C(N)=S)C2(C)C,HLYGSFLCGSCGSHQMELANHDKQVHQ,-7.4
CC(C)(C)[C@H](NC(=S)C(F)(F)F)C(=O)N1C[C@H]2[C@@H]([C@H]1C(=O)c1ccccc1C#N)C2(C)C,HLYGSFLCGSCGSHQMELANHDKQVHQ,-7.4
CC(C)(C)[C@H](NC(=O)C(F)(F)F)C(=O)N1C[C@H]2[C@@H]([C@H]1C(=O)NN[C@@H](C[C@@H]1CCNC1=O)C(N)=O)C2(C)C,HLYGSFLCGSCGSHQMELANHDKQVHQ,-7.4
CC(C)(C)[C@H](NNC(=O)C(F)(F)F)C(=O)N1C[C@H]2[C@@H]([C@H]1C(=O)c1ccccc1C#N)C2(C)C,HLYGSFLCGSCGSHQMELANHDKQVHQ,-7.4
CC(C)(C)[C@H](NC(=O)C(F)(F)F)C(=O)N1C[C@H]2[C@@H]([C@H]1C(=O)N[C@@H](C[C@@H]1CCNC1=O)C(N)=S)[C@]2(C)C(F)F,HLYGSFLCGSCGSHQMELANHDKQVHQ,-7.4
CC(C)(C)[C@H](NC(=O)C(F)(F)F)C(=O)N1C[C@H]2[C@@H]([C@H]1C(=O)N[C@@H](C[C@@H]1CCNC1=O)C(N)=S)[C@]2(C)C(F)F,HLYGSFLCGSCGSHQMELANHDKQVHQ,-7.4
CC[C@@H](C[C@@H](C#N)NC(=O)[C@@H]1[C@@H]2[C@H](CN1C(=O)[C@@H](NC(=O)C(F)(F)F)C(C)(C)C(F)F)C2(C)C)C(N)=O,HLYGSFLCGSCGSHQMELANHDKQVHQ,-7.4
CC[C@@H](C[C@@H](C#N)NC(=O)[C@@H]1[C@@H]2[C@H](CN1C(=O)[C@@H](NC(=O)C(F)(F)F)C(C)(C)C(F)F)C2(C)C)C(N)=O,HLYGSFLCGSCGSHQMELANHDKQVHQ,-7.4
CC[C@@H](C[C@@H](C#N)NC(=O)[C@@H]1[C@@H]2[C@H](CN1C(=O)[C@@H](NC(=O)C(F)(F)F)C(C)(C)C(F)F)C2(C)C)C(N)=O,HLYGSFLCGSCGSHQMELANHDKQVHQ,-7.4
CC(C)(C)[C@H](NC(=O)C(F)(F)F)C(=O)N1C[C@H]2[C@@H]([C@H]1C(=O)N[C@@H](C[C@@H]1CCNC1=O)C(N)=S)[C@]2(C)C(F)F,HLYGSFLCGSCGSHQMELANHDKQVHQ,-7.4
CC(C)(C)[C@H](NC(=O)C(F)(F)F)C(=O)N1C[C@H]2[C@@H]([C@H]1C(=O)N[C@@H](C[C@@H]1CCNC1=O)C(N)=S)[C@]2(C)C(F)F,HLYGSFLCGSCGSHQMELANHDKQVHQ,-7.4
CC[C@@H](C[C@@H](C#N)NC(=O)[C@@H]1[C@@H]2[C@H](CN1C(=O)[C@@H](NC(=O)C(F)(F)F)C(C)(C)C(F)F)C2(C)C)C(N)=O,HLYGSFLCGSCGSHQMELANHDKQVHQ,-7.4
CC[C@@H](C[C@@H](C#N)NC(=O)[C@@H]1[C@@H]2[C@H](CN1C(=O)[C@@H](NC(=O)C(F)(F)F)C(C)(C)C(F)F)C2(C)C)C(N)=O,HLYGSFLCGSCGSHQMELANHDKQVHQ,-7.4
CC[C@@H](C[C@@H](C#N)NC(=O)[C@@H]1[C@@H]2[C@H](CN1C(=O)[C@@H](NC(=O)C(F)(F)F)C(C)(C)C(F)F)C2(C)C)C(N)=O,HLYGSFLCGSCGSHQMELANHDKQVHQ,-7.4
CC(C)(C)[C@H](NC(=O)C(F)(F)F)C(=O)N1C[C@H]2[C@@H]([C@H]1C(=O)NN[C@@H](C[C@@H]1CCNC1=O)C(N)=O)C2(C)C,HLYGSFLCGSCGSHQMELANHDKQVHQ,-7.4
CC(C)(C)[C@H](NC(=O)C(F)(F)F)C(=O)N1C[C@H]2[C@@H]([C@H]1C(=O)N[C@@H](C[C@@H]1CCNC1=S)C(N)=S)C2(C)C,HLYGSFLCGSCGSHQMELANHDKQVHQ,-7.4
COC(F)(F)C(=O)N[C@H](C(=O)N1C[C@H]2[C@@H]([C@H]1C(=O)c1ccccc1C#N)C2(C)C)C(C)(C)C,HLYGSFLCGSCGSHQMELANHDKQVHQ,-7.3
COC(F)(F)C(=O)N[C@H](C(=O)N1C[C@H]2[C@@H]([C@H]1C(=O)c1ccccc1C#N)C2(C)C)C(C)(C)C,HLYGSFLCGSCGSHQMELANHDKQVHQ,-7.3
COC(F)(F)C(=O)N[C@H](C(=O)N1C[C@H]2[C@@H]([C@H]1C(=O)c1ccccc1C#N)C2(C)C)C(C)(C)C,HLYGSFLCGSCGSHQMELANHDKQVHQ,-7.3
CC[C@@H](C[C@@H](C#N)NC(=O)[C@@H]1[C@@H]2[C@H](CN1C(=O)[C@@H](NC(=O)C(F)(F)F)C(C)(C)C)C2(C)C)C(N)=O,HLYGSFLCGSCGSHQMELANHDKQVHQ,-7.3
CC[C@@H](C[C@@H](C#N)NC(=O)[C@@H]1[C@@H]2[C@H](CN1NC(=O)[C@@H](NC(=O)C(F)(F)F)C(C)(C)C)C2(C)C)C(=O)Nc1ccccc1,HLYGSFLCGSCGSHQMELANHDKQVHQ,-7.3
CC[C@@H](C[C@@H](C#N)NC(=O)[C@@H]1[C@@H]2[C@H](CN1C(=O)[C@@H](NC(=O)C(F)(F)C#N)C(C)(C)C)C2(C)C)C(=O)Nc1ccccc1,HLYGSFLCGSCGSHQMELANHDKQVHQ,-7.3
CC[C@@H](C[C@@H](C#N)NC(=O)[C@@H]1[C@@H]2[C@H](CN1C(=O)[C@@H](NC(=O)C(F)(F)C#N)C(C)(C)C)C2(C)C)C(=O)Nc1ccccc1,HLYGSFLCGSCGSHQMELANHDKQVHQ,-7.3
CC[C@@H](C[C@@H](C#N)NC(=O)[C@@H]1[C@@H]2[C@H](CN1C(=O)[C@@H](NC(=O)C(F)(F)C#N)C(C)(C)C)C2(C)C)C(=O)Nc1ccccc1,HLYGSFLCGSCGSHQMELANHDKQVHQ,-7.3
CC[C@@H](C[C@@H](C#N)NC(=O)[C@@H]1[C@@H]2[C@H](CN1C(=O)[C@@H](NC(=O)C(F)(F)F)C(C)(C)C)C2(C)C)C(N)=O,HLYGSFLCGSCGSHQMELANHDKQVHQ,-7.3
CC[C@@H](C[C@@H](C#N)NC(=O)[C@@H]1[C@@H]2[C@H](CN1C(=O)[C@@H](NC(=O)C(F)(F)F)C(C)(C)C)C2(C)C)C(N)=O,HLYGSFLCGSCGSHQMELANHDKQVHQ,-7.3
CC[C@@H](C[C@@H](C#N)NC(=O)[C@@H]1[C@@H]2[C@H](CN1C(=O)[C@@H](NC(=O)C(F)(F)F)C(C)(C)C)C2(C)C)C(N)=O,HLYGSFLCGSCGSHQMELANHDKQVHQ,-7.3
CC[C@@H](C[C@@H](C#N)NC(=O)[C@@H]1[C@@H]2[C@H](CN1C(=O)[C@@H](NC(=O)C(F)(F)F)C(C)(C)C)C2(C)C)C(N)=O,HLYGSFLCGSCGSHQMELANHDKQVHQ,-7.3
CC[C@@H](C[C@H](NC(=O)[C@@H]1[C@@H]2[C@H](CN1C(=O)[C@@H](NC(=O)C(F)(F)F)C(C)(C)C)C2(C)C)C(N)=O)C(=O)NC,HLYGSFLCGSCGSHQMELANHDKQVHQ,-7.3
CC[C@@H](C[C@@H](C#N)NC(=O)[C@@H]1[C@@H]2[C@H](CN1C(=O)[C@@H](NC(=O)C(F)(F)F)C(C)(C)C)C2(C)C)C(N)=O,HLYGSFLCGSCGSHQMELANHDKQVHQ,-7.3
CC(C)(C)[C@H](NC(=O)C(F)(F)F)C(=S)N1C[C@H]2[C@@H]([C@H]1C(=O)N[C@@H](C[C@@H]1CCNC1=O)C(N)=O)C2(C)C,HLYGSFLCGSCGSHQMELANHDKQVHQ,-7.3
CC[C@@H](C[C@@H](C#N)NC(=O)[C@@H]1[C@@H]2[C@H](CN1NC(=O)[C@@H](NC(=O)C(F)(F)F)C(C)(C)C)C2(C)C)C(=O)Nc1ccccc1,HLYGSFLCGSCGSHQMELANHDKQVHQ,-7.3
CC(C)(C)[C@H](NC(=O)C(F)(F)F)C(=O)N1C[C@H]2[C@@H]([C@H]1C(=O)N[C@H](C#N)C[C@H](CCN)C(=O)N[SH](=O)=O)C2(C)C,HLYGSFLCGSCGSHQMELANHDKQVHQ,-7.3
CC(C)(C)[C@H](NNC(=O)C(F)(F)F)C(=O)N1C[C@H]2[C@@H]([C@H]1C(=O)N[C@@H](C[C@@H]1CCNC1=O)C(N)=O)C2(C)C,HLYGSFLCGSCGSHQMELANHDKQVHQ,-7.3
CC(C)(C)[C@H](NNC(=O)C(F)(F)F)C(=O)N1C[C@H]2[C@@H]([C@H]1C(=O)N[C@@H](C[C@@H]1CCNC1=O)C(N)=S)C2(C)C,HLYGSFLCGSCGSHQMELANHDKQVHQ,-7.3
CC[C@@H](C[C@@H](C#N)NC(=O)[C@@H]1[C@@H]2[C@H](CN1C(=O)[C@@H](NC(=O)C(F)(F)C#N)C(C)(C)C)C2(C)C)C(=O)Nc1ccccc1,HLYGSFLCGSCGSHQMELANHDKQVHQ,-7.3
CC(C)(C)[C@H](NC(=O)C(F)(F)C(N)=O)C(=O)N1C[C@H]2[C@@H]([C@H]1C(=O)N[C@H](C#N)C[C@@H]1CCNC1=O)C2(C)C,HLYGSFLCGSCGSHQMELANHDKQVHQ,-7.3
CC[C@@H](C[C@@H](C#N)NC(=O)[C@@H]1[C@@H]2[C@H](CN1C(=O)[C@@H](NC(=O)C(F)(F)C#N)C(C)(C)C)C2(C)C)C(=O)Nc1ccccc1,HLYGSFLCGSCGSHQMELANHDKQVHQ,-7.3
CC(C)(C)[C@H](NC(=O)C(F)(F)C(N)=O)C(=O)N1C[C@H]2[C@@H]([C@H]1C(=O)N[C@H](C#N)C[C@@H]1CCNC1=O)C2(C)C,HLYGSFLCGSCGSHQMELANHDKQVHQ,-7.3
CC[C@@H](C[C@@H](C#N)NC(=O)[C@@H]1[C@@H]2[C@H](CN1C(=O)[C@@H](NC(=O)C(F)(F)C#N)C(C)(C)C)C2(C)C)C(=O)Nc1ccccc1,HLYGSFLCGSCGSHQMELANHDKQVHQ,-7.3
CC(C)(C)[C@H](NC(=O)C(F)(F)C(N)=O)C(=O)N1C[C@H]2[C@@H]([C@H]1C(=O)N[C@H](C#N)C[C@@H]1CCNC1=O)C2(C)C,HLYGSFLCGSCGSHQMELANHDKQVHQ,-7.3
COC(F)(F)C(=O)N[C@H](C(=O)N1C[C@H]2[C@@H]([C@H]1C(=O)c1ccccc1C#N)C2(C)C)C(C)(C)C,HLYGSFLCGSCGSHQMELANHDKQVHQ,-7.3
COC(F)(F)C(=O)N[C@H](C(=O)N1C[C@H]2[C@@H]([C@H]1C(=O)c1ccccc1C#N)C2(C)C)C(C)(C)C,HLYGSFLCGSCGSHQMELANHDKQVHQ,-7.3
COC(F)(F)C(=O)N[C@H](C(=O)N1C[C@H]2[C@@H]([C@H]1C(=O)c1ccccc1C#N)C2(C)C)C(C)(C)C,HLYGSFLCGSCGSHQMELANHDKQVHQ,-7.3
CC[C@@H](C[C@@H](C#N)NC(=O)[C@@H]1[C@@H]2[C@H](CN1C(=O)[C@@H](NC(=O)C(F)(F)F)C(C)(C)C(F)F)C2(C)C)C(=O)Nc1ccccc1,HLYGSFLCGSCGSHQMELANHDKQVHQ,-7.3
CC[C@@H](C[C@@H](C#N)NC(=O)[C@@H]1[C@@H]2[C@H](CN1C(=O)[C@@H](NC(=O)C(F)(F)F)C(C)(C)C(F)F)C2(C)C)C(=O)Nc1ccccc1,HLYGSFLCGSCGSHQMELANHDKQVHQ,-7.3
CC[C@@H](C[C@@H](C#N)NC(=O)[C@@H]1[C@@H]2[C@H](CN1C(=O)[C@@H](NC(=O)C(F)(F)F)C(C)(C)C(F)F)C2(C)C)C(=O)Nc1ccccc1,HLYGSFLCGSCGSHQMELANHDKQVHQ,-7.3
CC[C@H](C=O)C[C@@H](C#N)NC(=O)[C@@H]1[C@@H]2[C@H](CN1C(=O)[C@@H](NC(=O)C(F)(F)F)C(C)(C)C)[C@@]2(C)CCl,HLYGSFLCGSCGSHQMELANHDKQVHQ,-7.3
CC(C)(CCl)[C@H](NC(=O)C(F)(F)F)C(=O)N1C[C@H]2[C@@H]([C@H]1C(=O)N[C@@H](C[C@@H]1CCNC1=O)C(N)=O)C2(C)C,HLYGSFLCGSCGSHQMELANHDKQVHQ,-7.3
CC(C)(CCl)[C@H](NC(=O)C(F)(F)F)C(=O)N1C[C@H]2[C@@H]([C@H]1C(=O)N[C@@H](C[C@@H]1CCNC1=O)C(N)=O)C2(C)C,HLYGSFLCGSCGSHQMELANHDKQVHQ,-7.3
CC(C)(CCl)[C@H](NC(=O)C(F)(F)F)C(=O)N1C[C@H]2[C@@H]([C@H]1C(=O)N[C@@H](C[C@@H]1CCNC1=O)C(N)=O)C2(C)C,HLYGSFLCGSCGSHQMELANHDKQVHQ,-7.3
CC[C@@H](C[C@@H](C#N)NC(=O)[C@@H]1[C@@H]2[C@H](CN1C(=O)[C@@H](NC(=O)C(F)(F)F)C(C)(C)C(F)F)C2(C)C)C(=O)Nc1ccccc1,HLYGSFLCGSCGSHQMELANHDKQVHQ,-7.3
CC[C@@H](C[C@@H](C#N)NC(=O)[C@@H]1[C@@H]2[C@H](CN1C(=O)[C@@H](NC(=O)C(F)(F)F)C(C)(C)C(F)F)C2(C)C)C(=O)Nc1ccccc1,HLYGSFLCGSCGSHQMELANHDKQVHQ,-7.3
CC[C@@H](C[C@@H](C#N)NC(=O)[C@@H]1[C@@H]2[C@H](CN1C(=O)[C@@H](NC(=O)C(F)(F)F)C(C)(C)C(F)F)C2(C)C)C(=O)Nc1ccccc1,HLYGSFLCGSCGSHQMELANHDKQVHQ,-7.3
CC[C@H](C=O)C[C@@H](C#N)NC(=O)[C@@H]1[C@@H]2[C@H](CN1C(=O)[C@@H](NC(=O)C(F)(F)F)C(C)(C)C)[C@@]2(C)CCl,HLYGSFLCGSCGSHQMELANHDKQVHQ,-7.3
CC[C@H](C=O)C[C@@H](C#N)NC(=O)[C@@H]1[C@@H]2[C@H](CN1C(=O)[C@@H](NC(=O)C(F)(F)F)C(C)(C)C)[C@@]2(C)CCl,HLYGSFLCGSCGSHQMELANHDKQVHQ,-7.3
CC(C)(CCl)[C@H](NC(=O)C(F)(F)F)C(=O)N1C[C@H]2[C@@H]([C@H]1C(=O)N[C@@H](C[C@@H]1CCNC1=O)C(N)=O)C2(C)C,HLYGSFLCGSCGSHQMELANHDKQVHQ,-7.3
CC(C)(CCl)[C@H](NC(=O)C(F)(F)F)C(=O)N1C[C@H]2[C@@H]([C@H]1C(=O)N[C@@H](C[C@@H]1CCNC1=O)C(N)=O)C2(C)C,HLYGSFLCGSCGSHQMELANHDKQVHQ,-7.3
CC(C)(CCl)[C@H](NC(=O)C(F)(F)F)C(=O)N1C[C@H]2[C@@H]([C@H]1C(=O)N[C@@H](C[C@@H]1CCNC1=O)C(N)=O)C2(C)C,HLYGSFLCGSCGSHQMELANHDKQVHQ,-7.3
CC(C)(C)[C@H](NC(=O)C(F)(F)F)C(=O)N1C[C@H]2[C@@H]([C@H]1C(=O)N[C@@H](C[C@@H]1CCNC1=O)C(N)=S)[C@@]2(C)CF,HLYGSFLCGSCGSHQMELANHDKQVHQ,-7.3
CC[C@@H](C[C@H](NC(=O)[C@@H]1[C@@H]2[C@H](CN1C(=O)[C@@H](NC(=O)C(F)(F)F)C(C)(C)C)C2(C)C)C(N)=O)C(=O)NC,HLYGSFLCGSCGSHQMELANHDKQVHQ,-7.3
CC(C)(C)[C@H](NC(=O)C(F)(F)F)C(=S)N1C[C@H]2[C@@H]([C@H]1C(=O)N[C@@H](C[C@@H]1CCNC1=O)C(N)=O)C2(C)C,HLYGSFLCGSCGSHQMELANHDKQVHQ,-7.3
CC(C)(C)[C@H](NNC(=O)C(F)(F)F)C(=O)N1C[C@H]2[C@@H]([C@H]1C(=O)N[C@@H](C[C@@H]1CCNC1=O)C(N)=O)C2(C)C,HLYGSFLCGSCGSHQMELANHDKQVHQ,-7.3
CC(C)(C)[C@H](NNC(=O)C(F)(F)F)C(=O)N1C[C@H]2[C@@H]([C@H]1C(=O)N[C@@H](C[C@@H]1CCNC1=O)C(N)=S)C2(C)C,HLYGSFLCGSCGSHQMELANHDKQVHQ,-7.3
CC[C@H](CN)C[C@@H](C#N)NC(=O)[C@@H]1[C@@H]2[C@H](CN1C(=O)[C@@H](NC(=O)C(F)(F)F)C(C)(C)C)C2(C)C,HLYGSFLCGSCGSHQMELANHDKQVHQ,-7.2
CC[C@@H](C[C@@H](C#N)NC(=O)[C@@H]1[C@@H]2[C@H](CN1C(=O)[C@@H](NC(=O)C(F)(F)[N+](=O)[O-])C(C)(C)C)C2(C)C)C(=O)Nc1ccccc1,HLYGSFLCGSCGSHQMELANHDKQVHQ,-7.2
CC[C@@H](C[C@@H](C#N)NC(=O)[C@@H]1[C@@H]2[C@H](CN1C(=O)[C@@H](NC(=O)C(F)(F)[N+](=O)[O-])C(C)(C)C)C2(C)C)C(=O)Nc1ccccc1,HLYGSFLCGSCGSHQMELANHDKQVHQ,-7.2
CC[C@@H](C[C@@H](C#N)NC(=O)[C@@H]1[C@@H]2[C@H](CN1C(=O)[C@@H](NC(=O)C(F)(F)[N+](=O)[O-])C(C)(C)C)C2(C)C)C(=O)Nc1ccccc1,HLYGSFLCGSCGSHQMELANHDKQVHQ,-7.2
CC[C@H](C=O)C[C@@H](C#N)NC(=O)[C@@H]1[C@@H]2[C@H](CN1NC(=O)[C@@H](NC(=O)C(F)(F)F)C(C)(C)C)C2(C)C,HLYGSFLCGSCGSHQMELANHDKQVHQ,-7.2
CC(C)(C)[C@H](NNC(=O)C(F)(F)F)C(=O)N1C[C@H]2[C@@H]([C@H]1C(N)=O)C2(C)C,HLYGSFLCGSCGSHQMELANHDKQVHQ,-7.2
CC[C@H](CN)C[C@@H](C#N)NC(=O)[C@@H]1[C@@H]2[C@H](CN1C(=O)[C@@H](NC(=O)C(F)(F)F)C(C)(C)C)C2(C)C,HLYGSFLCGSCGSHQMELANHDKQVHQ,-7.2
CC[C@@H](C[C@@H](C#N)NC(=O)[C@@H]1[C@@H]2[C@H](CN1C(=O)[C@@H](NC(=O)C(F)(F)[N+](=O)[O-])C(C)(C)C)C2(C)C)C(N)=O,HLYGSFLCGSCGSHQMELANHDKQVHQ,-7.2
CC[C@@H](C[C@@H](C#N)NC(=O)[C@@H]1[C@@H]2[C@H](CN1C(=O)[C@@H](NC(=O)C(F)(F)[N+](=O)[O-])C(C)(C)C)C2(C)C)C(N)=O,HLYGSFLCGSCGSHQMELANHDKQVHQ,-7.2
CC[C@@H](C[C@@H](C#N)NC(=O)[C@@H]1[C@@H]2[C@H](CN1C(=O)[C@@H](NC(=O)C(F)(F)[N+](=O)[O-])C(C)(C)C)C2(C)C)C(N)=O,HLYGSFLCGSCGSHQMELANHDKQVHQ,-7.2
CC[C@H](CN)C[C@@H](C#N)NC(=O)[C@@H]1[C@@H]2[C@H](CN1C(=O)[C@@H](NC(=O)C(F)(F)F)C(C)(C)C)C2(C)C,HLYGSFLCGSCGSHQMELANHDKQVHQ,-7.2
CC[C@H](CN)C[C@@H](C#N)NC(=O)[C@@H]1[C@@H]2[C@H](CN1C(=O)[C@@H](NC(=O)C(F)(F)F)C(C)(C)C)C2(C)C,HLYGSFLCGSCGSHQMELANHDKQVHQ,-7.2
CC[C@H](CN)C[C@@H](C#N)NC(=O)[C@@H]1[C@@H]2[C@H](CN1C(=O)[C@@H](NC(=O)C(F)(F)F)C(C)(C)C)C2(C)C,HLYGSFLCGSCGSHQMELANHDKQVHQ,-7.2
CC[C@H](CN)C[C@@H](C#N)NC(=O)[C@@H]1[C@@H]2[C@H](CN1C(=O)[C@@H](NC(=O)C(F)(F)F)C(C)(C)C)C2(C)C,HLYGSFLCGSCGSHQMELANHDKQVHQ,-7.2
CC[C@H](C=O)C[C@@H](C#N)NC(=O)[C@@H]1[C@@H]2[C@H](CN1NC(=O)[C@@H](NC(=O)C(F)(F)F)C(C)(C)C)C2(C)C,HLYGSFLCGSCGSHQMELANHDKQVHQ,-7.2
CC(C)(C)[C@H](NC(=O)C(F)(F)F)C(=O)NN1C[C@H]2[C@@H]([C@H]1C(=O)N[C@@H](C[C@@H]1CCNC1=O)C(N)=O)C2(C)C,HLYGSFLCGSCGSHQMELANHDKQVHQ,-7.2
CC(C)(C)[C@H](NNC(=O)C(F)(F)F)C(=O)N1C[C@H]2[C@@H]([C@H]1C(N)=O)C2(C)C,HLYGSFLCGSCGSHQMELANHDKQVHQ,-7.2
CC[C@@H](C[C@@H](C#N)NC(=O)[C@@H]1[C@@H]2[C@H](CN1C(=O)[C@@H](NC(=O)C(F)(F)[N+](=O)[O-])C(C)(C)C)C2(C)C)C(=O)Nc1ccccc1,HLYGSFLCGSCGSHQMELANHDKQVHQ,-7.2
CC[C@@H](C[C@@H](C#N)NC(=O)[C@@H]1[C@@H]2[C@H](CN1C(=O)[C@@H](NC(=O)C(F)(F)[N+](=O)[O-])C(C)(C)C)C2(C)C)C(N)=O,HLYGSFLCGSCGSHQMELANHDKQVHQ,-7.2
CC[C@@H](C[C@@H](C#N)NC(=O)[C@@H]1[C@@H]2[C@H](CN1C(=O)[C@@H](NC(=O)C(F)(F)[N+](=O)[O-])C(C)(C)C)C2(C)C)C(=O)Nc1ccccc1,HLYGSFLCGSCGSHQMELANHDKQVHQ,-7.2
CC[C@@H](C[C@@H](C#N)NC(=O)[C@@H]1[C@@H]2[C@H](CN1C(=O)[C@@H](NC(=O)C(F)(F)[N+](=O)[O-])C(C)(C)C)C2(C)C)C(N)=O,HLYGSFLCGSCGSHQMELANHDKQVHQ,-7.2
CC[C@@H](C[C@@H](C#N)NC(=O)[C@@H]1[C@@H]2[C@H](CN1C(=O)[C@@H](NC(=O)C(F)(F)[N+](=O)[O-])C(C)(C)C)C2(C)C)C(=O)Nc1ccccc1,HLYGSFLCGSCGSHQMELANHDKQVHQ,-7.2
CC[C@@H](C[C@@H](C#N)NC(=O)[C@@H]1[C@@H]2[C@H](CN1C(=O)[C@@H](NC(=O)C(F)(F)[N+](=O)[O-])C(C)(C)C)C2(C)C)C(N)=O,HLYGSFLCGSCGSHQMELANHDKQVHQ,-7.2
COC(F)(F)C(=O)N[C@H](C(=O)N1C[C@H]2[C@@H]([C@H]1C(=O)N[C@@H](C[C@@H]1CCNC1=O)C(N)=O)C2(C)C)C(C)(C)C,HLYGSFLCGSCGSHQMELANHDKQVHQ,-7.2
COC(F)(F)C(=O)N[C@H](C(=O)N1C[C@H]2[C@@H]([C@H]1C(=O)N[C@@H](C[C@@H]1CCNC1=O)C(N)=O)C2(C)C)C(C)(C)C,HLYGSFLCGSCGSHQMELANHDKQVHQ,-7.2
COC(F)(F)C(=O)N[C@H](C(=O)N1C[C@H]2[C@@H]([C@H]1C(=O)N[C@@H](C[C@@H]1CCNC1=O)C(N)=O)C2(C)C)C(C)(C)C,HLYGSFLCGSCGSHQMELANHDKQVHQ,-7.2
CC(C)(C)[C@H](NC(=O)C(F)(F)F)C(=O)N1C[C@H]2[C@@H]([C@H]1C(=O)c1ccccc1C#N)[C@@]2(C)C(F)F,HLYGSFLCGSCGSHQMELANHDKQVHQ,-7.2
CC(C)(C)[C@H](NC(=O)C(F)(F)F)C(=O)N1C[C@H]2[C@@H]([C@H]1C(=O)c1ccccc1C#N)[C@@]2(C)C(F)F,HLYGSFLCGSCGSHQMELANHDKQVHQ,-7.2
CC[C@@H](C[C@@H](C#N)NC(=O)[C@@H]1[C@@H]2[C@H](CN1C(=O)[C@@H](NC(=O)C(F)(F)F)C(C)(C)C)[C@@]2(C)CCl)C(N)=O,HLYGSFLCGSCGSHQMELANHDKQVHQ,-7.2
CC[C@@H](C[C@@H](C#N)NC(=O)[C@@H]1[C@@H]2[C@H](CN1C(=O)[C@@H](NC(=O)C(F)(F)F)C(C)(C)C)[C@@]2(C)CCl)C(N)=O,HLYGSFLCGSCGSHQMELANHDKQVHQ,-7.2
CC[C@H](C=O)C[C@@H](C#N)NC(=O)[C@@H]1[C@@H]2[C@H](CN1C(=O)[C@@H](NC(=O)C(F)(F)F)C(C)(C)CCl)C2(C)C,HLYGSFLCGSCGSHQMELANHDKQVHQ,-7.2
CC[C@H](C=O)C[C@@H](C#N)NC(=O)[C@@H]1[C@@H]2[C@H](CN1C(=O)[C@@H](NC(=O)C(F)(F)F)C(C)(C)CCl)C2(C)C,HLYGSFLCGSCGSHQMELANHDKQVHQ,-7.2
CC[C@H](C=O)C[C@@H](C#N)NC(=O)[C@@H]1[C@@H]2[C@H](CN1C(=O)[C@@H](NC(=O)C(F)(F)F)C(C)(C)CCl)C2(C)C,HLYGSFLCGSCGSHQMELANHDKQVHQ,-7.2
CC(C)(C)[C@H](NC(=O)C(F)(F)F)C(=O)N1C[C@H]2[C@@H]([C@H]1C(=O)c1ccccc1C#N)[C@]2(C)C(F)F,HLYGSFLCGSCGSHQMELANHDKQVHQ,-7.2
CC(C)(C)[C@H](NC(=O)C(F)(F)F)C(=O)N1C[C@H]2[C@@H]([C@H]1C(=O)c1ccccc1C#N)[C@]2(C)C(F)F,HLYGSFLCGSCGSHQMELANHDKQVHQ,-7.2
CC[C@@H](C[C@@H](C#N)NC(=O)[C@@H]1[C@@H]2[C@H](CN1C(=O)[C@@H](NC(=O)C(F)(F)F)C(C)(C)C)[C@@]2(C)CCl)C(N)=O,HLYGSFLCGSCGSHQMELANHDKQVHQ,-7.2
CC[C@@H](C[C@@H](C#N)NC(=O)[C@@H]1[C@@H]2[C@H](CN1C(=O)[C@@H](NC(=O)C(F)(F)F)C(C)(C)C)[C@@]2(C)CCl)C(N)=O,HLYGSFLCGSCGSHQMELANHDKQVHQ,-7.2
CC[C@H](C=O)C[C@@H](C#N)NC(=O)[C@@H]1[C@@H]2[C@H](CN1C(=O)[C@@H](NC(=O)C(F)(F)F)C(C)(C)CCl)C2(C)C,HLYGSFLCGSCGSHQMELANHDKQVHQ,-7.2
CC[C@H](C=O)C[C@@H](C#N)NC(=O)[C@@H]1[C@@H]2[C@H](CN1C(=O)[C@@H](NC(=O)C(F)(F)F)C(C)(C)CCl)C2(C)C,HLYGSFLCGSCGSHQMELANHDKQVHQ,-7.2
CC[C@H](C=O)C[C@@H](C#N)NC(=O)[C@@H]1[C@@H]2[C@H](CN1C(=O)[C@@H](NC(=O)C(F)(F)F)C(C)(C)CCl)C2(C)C,HLYGSFLCGSCGSHQMELANHDKQVHQ,-7.2
CC(C)(C)[C@H](NC(=O)C(F)(F)F)C(=O)NN1C[C@H]2[C@@H]([C@H]1C(=O)N[C@@H](C[C@@H]1CCNC1=O)C(N)=O)C2(C)C,HLYGSFLCGSCGSHQMELANHDKQVHQ,-7.2
COC(F)(F)C(=O)N[C@H](C(=O)N1C[C@H]2[C@@H]([C@H]1C(=O)N[C@@H](C[C@@H]1CCNC1=O)C(N)=O)C2(C)C)C(C)(C)C,HLYGSFLCGSCGSHQMELANHDKQVHQ,-7.2
COC(F)(F)C(=O)N[C@H](C(=O)N1C[C@H]2[C@@H]([C@H]1C(=O)N[C@@H](C[C@@H]1CCNC1=O)C(N)=O)C2(C)C)C(C)(C)C,HLYGSFLCGSCGSHQMELANHDKQVHQ,-7.2
COC(F)(F)C(=O)N[C@H](C(=O)N1C[C@H]2[C@@H]([C@H]1C(=O)N[C@@H](C[C@@H]1CCNC1=O)C(N)=O)C2(C)C)C(C)(C)C,HLYGSFLCGSCGSHQMELANHDKQVHQ,-7.2
CC(C)(C)[C@H](NC(=O)C(F)(F)F)C(=O)N1C[C@H]2[C@@H]([C@H]1C(=O)c1ccccc1C#N)C2(C)C,HLYGSFLCGSCGSHQMELANHDKQVHQ,-7.1
CC(C)(C)[C@H](NC(=O)C(F)(F)F)C(=O)N1C[C@H]2[C@@H]([C@H]1C(=O)c1ccccc1C#N)C2(C)C,HLYGSFLCGSCGSHQMELANHDKQVHQ,-7.1
CC(C)(C)[C@H](NC(=O)C(F)(F)F)C(=O)N1C[C@H]2[C@@H]([C@H]1C(=O)c1ccccc1C#N)C2(C)C,HLYGSFLCGSCGSHQMELANHDKQVHQ,-7.1
CC[C@H](C=O)C[C@@H](C#N)NC(=O)[C@@H]1[C@@H]2[C@H](CN1C(=O)[C@@H](NC(=O)C(F)(F)F)C(C)(C)C)C2(C)C,HLYGSFLCGSCGSHQMELANHDKQVHQ,-7.1
CC(C)(C)[C@H](NC(=O)C(F)(F)F)C(=O)N1C[C@H]2[C@@H]([C@H]1C(=O)c1ccccc1C#N)C2(C)C,HLYGSFLCGSCGSHQMELANHDKQVHQ,-7.1
CC(C)(C)[C@H](NC(=O)C(F)(F)F)C(=O)N1C[C@H]2[C@@H]([C@H]1C(=O)c1ccccc1C#N)C2(C)C,HLYGSFLCGSCGSHQMELANHDKQVHQ,-7.1
CC(C)(C)[C@H](NC(=O)C(F)(F)F)C(=O)N1C[C@H]2[C@@H]([C@H]1C(=O)c1ccccc1C#N)C2(C)C,HLYGSFLCGSCGSHQMELANHDKQVHQ,-7.1
CC(C)(C)[C@H](NC(=O)C(F)(F)[N+](=O)[O-])C(=O)N1C[C@H]2[C@@H]([C@H]1C(N)=O)C2(C)C,HLYGSFLCGSCGSHQMELANHDKQVHQ,-7.1
CC(C)(C)[C@H](NC(=O)C(F)(F)[N+](=O)[O-])C(=O)N1C[C@H]2[C@@H]([C@H]1C(N)=O)C2(C)C,HLYGSFLCGSCGSHQMELANHDKQVHQ,-7.1
CC(C)(C)[C@H](NC(=O)C(F)(F)[N+](=O)[O-])C(=O)N1C[C@H]2[C@@H]([C@H]1C(N)=O)C2(C)C,HLYGSFLCGSCGSHQMELANHDKQVHQ,-7.1
COC(F)(F)C(=O)N[C@H](C(=O)N1C[C@H]2[C@@H]([C@H]1C(N)=O)C2(C)C)C(C)(C)C,HLYGSFLCGSCGSHQMELANHDKQVHQ,-7.1
COC(F)(F)C(=O)N[C@H](C(=O)N1C[C@H]2[C@@H]([C@H]1C(N)=O)C2(C)C)C(C)(C)C,HLYGSFLCGSCGSHQMELANHDKQVHQ,-7.1
COC(F)(F)C(=O)N[C@H](C(=O)N1C[C@H]2[C@@H]([C@H]1C(N)=O)C2(C)C)C(C)(C)C,HLYGSFLCGSCGSHQMELANHDKQVHQ,-7.1
CC(C)(C)[C@H](NC(=O)C(F)(F)F)C(=O)N1C[C@H]2[C@@H]([C@H]1C(=O)c1ccccc1C#N)C2(C)C,HLYGSFLCGSCGSHQMELANHDKQVHQ,-7.1
CC[C@H](C=O)C[C@@H](C#N)NC(=O)[C@@H]1[C@@H]2[C@H](CN1C(=O)[C@@H](NC(=O)C(F)(F)F)C(C)(C)C)C2(C)C,HLYGSFLCGSCGSHQMELANHDKQVHQ,-7.1
CC(C)(C)[C@H](NC(=O)C(F)(F)F)C(=O)N1C[C@H]2[C@@H]([C@H]1C(=O)c1ccccc1C#N)C2(C)C,HLYGSFLCGSCGSHQMELANHDKQVHQ,-7.1
CC(C)(C)[C@H](NC(=O)C(F)(F)F)C(=O)N1C[C@H]2[C@@H]([C@H]1C(=O)c1ccccc1C#N)C2(C)C,HLYGSFLCGSCGSHQMELANHDKQVHQ,-7.1
CC(C)(C)[C@H](NC(=O)C(F)(F)F)C(=O)N1C[C@H]2[C@@H]([C@H]1C(=O)c1ccccc1C#N)C2(C)C,HLYGSFLCGSCGSHQMELANHDKQVHQ,-7.1
CC[C@H](C=O)C[C@@H](C#N)NC(=O)[C@@H]1[C@@H]2[C@H](CN1C(=O)[C@@H](NC(=O)C(F)(F)F)C(C)(C)C)C2(C)C,HLYGSFLCGSCGSHQMELANHDKQVHQ,-7.1
CC(C)(C)[C@H](NC(=O)C(F)(F)F)C(=O)N1C[C@H]2[C@@H]([C@H]1C(=O)c1ccccc1C#N)C2(C)C,HLYGSFLCGSCGSHQMELANHDKQVHQ,-7.1
CC(C)(C)[C@H](NC(=O)C(F)(F)F)C(=O)N1C[C@H]2[C@@H]([C@H]1C(=O)c1ccccc1C#N)C2(C)C,HLYGSFLCGSCGSHQMELANHDKQVHQ,-7.1
CC[C@H](C=O)C[C@@H](C#N)NC(=O)[C@@H]1[C@@H]2[C@H](CN1C(=O)[C@@H](NC(=O)C(F)(F)F)C(C)(C)C)C2(C)C,HLYGSFLCGSCGSHQMELANHDKQVHQ,-7.1
CC(C)(C)[C@H](NC(=O)C(F)(F)F)C(=O)N1C[C@H]2[C@@H]([C@H]1C(=O)c1ccccc1C#N)C2(C)C,HLYGSFLCGSCGSHQMELANHDKQVHQ,-7.1
CC[C@H](CN)C[C@@H](C#N)NC(=O)[C@@H]1[C@@H]2[C@H](CN1C(=O)[C@@H](NC(=S)C(F)(F)F)C(C)(C)C)C2(C)C,HLYGSFLCGSCGSHQMELANHDKQVHQ,-7.1
CC(C)(C)[C@H](NC(=O)C(F)(F)F)C(=O)N1C[C@H]2[C@@H]([C@H]1C(=O)c1ccccc1C#N)C2(C)C,HLYGSFLCGSCGSHQMELANHDKQVHQ,-7.1
CC(C)(C)[C@H](NC(=O)C(F)(F)F)C(=O)N1C[C@H]2[C@@H]([C@H]1C(=O)c1ccccc1C#N)C2(C)C,HLYGSFLCGSCGSHQMELANHDKQVHQ,-7.1
CC[C@H](C=O)C[C@@H](C#N)NC(=O)[C@@H]1[C@@H]2[C@H](CN1C(=O)[C@@H](NC(=O)C(F)(F)F)C(C)(C)C)C2(C)C,HLYGSFLCGSCGSHQMELANHDKQVHQ,-7.1
CC(C)(C)[C@H](NC(=O)C(F)(F)F)C(=O)N1C[C@H]2[C@@H]([C@H]1C(=O)c1ccccc1C#N)C2(C)C,HLYGSFLCGSCGSHQMELANHDKQVHQ,-7.1
CC(C)(C)[C@H](NC(=O)C(F)(F)F)C(=O)N1C[C@H]2[C@@H]([C@H]1C(=O)c1ccccc1C#N)C2(C)C,HLYGSFLCGSCGSHQMELANHDKQVHQ,-7.1
CC[C@@H](C[C@H](NC(=O)[C@@H]1[C@@H]2[C@H](CN1C(=O)[C@@H](NC(=O)C(F)(F)F)C(C)(C)C)C2(C)C)C(N)=S)C(=O)N[SH](=O)=O,HLYGSFLCGSCGSHQMELANHDKQVHQ,-7.1
CC(C)(C)[C@H](NC(=O)C(F)(F)F)C(=O)N1C[C@H]2[C@@H]([C@H]1C(=O)c1ccccc1C#N)C2(C)C,HLYGSFLCGSCGSHQMELANHDKQVHQ,-7.1
CC[C@H](CN)C[C@@H](C#N)NC(=O)[C@@H]1[C@@H]2[C@H](CN1C(=O)[C@@H](NC(=S)C(F)(F)F)C(C)(C)C)C2(C)C,HLYGSFLCGSCGSHQMELANHDKQVHQ,-7.1
CC(C)(C)[C@H](NC(=O)C(F)(F)F)C(=O)N1C[C@H]2[C@@H]([C@H]1C(=O)c1ccccc1C#N)C2(C)C,HLYGSFLCGSCGSHQMELANHDKQVHQ,-7.1
CC(C)(C)[C@H](NC(=O)C(F)(F)F)C(=O)N1C[C@H]2[C@@H]([C@H]1C(=O)c1ccccc1C#N)C2(C)C,HLYGSFLCGSCGSHQMELANHDKQVHQ,-7.1
CC(C)(C)[C@H](NC(=O)C(F)(F)F)C(=O)N1C[C@H]2[C@@H]([C@H]1C(=O)N[C@H](C#N)C[C@H](CCN)C(N)=O)C2(C)C,HLYGSFLCGSCGSHQMELANHDKQVHQ,-7.1
CN(C)C(=O)[C@@H](CCN)C[C@@H](C#N)NC(=O)[C@@H]1[C@@H]2[C@H](CN1C(=O)[C@@H](NC(=O)C(F)(F)F)C(C)(C)C)C2(C)C,HLYGSFLCGSCGSHQMELANHDKQVHQ,-7.1
CC(C)(C)[C@H](NC(=O)C(F)(F)[N+](=O)[O-])C(=O)N1C[C@H]2[C@@H]([C@H]1C(N)=O)C2(C)C,HLYGSFLCGSCGSHQMELANHDKQVHQ,-7.1
CC(C)(C)[C@H](NC(=O)C(F)(F)[N+](=O)[O-])C(=O)N1C[C@H]2[C@@H]([C@H]1C(N)=O)C2(C)C,HLYGSFLCGSCGSHQMELANHDKQVHQ,-7.1
CC(C)(C)[C@H](NC(=O)C(F)(F)[N+](=O)[O-])C(=O)N1C[C@H]2[C@@H]([C@H]1C(N)=O)C2(C)C,HLYGSFLCGSCGSHQMELANHDKQVHQ,-7.1
COC(F)(F)C(=O)N[C@H](C(=O)N1C[C@H]2[C@@H]([C@H]1C(N)=O)C2(C)C)C(C)(C)C,HLYGSFLCGSCGSHQMELANHDKQVHQ,-7.1
COC(F)(F)C(=O)N[C@H](C(=O)N1C[C@H]2[C@@H]([C@H]1C(N)=O)C2(C)C)C(C)(C)C,HLYGSFLCGSCGSHQMELANHDKQVHQ,-7.1
COC(F)(F)C(=O)N[C@H](C(=O)N1C[C@H]2[C@@H]([C@H]1C(N)=O)C2(C)C)C(C)(C)C,HLYGSFLCGSCGSHQMELANHDKQVHQ,-7.1
CC(C)(C)[C@H](NC(=O)C(F)(F)F)C(=O)N1C[C@H]2[C@@H]([C@H]1C(N)=O)[C@]2(C)C(F)F,HLYGSFLCGSCGSHQMELANHDKQVHQ,-7.1
CC(C)(C(F)F)[C@H](NC(=O)C(F)(F)F)C(=O)N1C[C@H]2[C@@H]([C@H]1C(=O)c1ccccc1C#N)C2(C)C,HLYGSFLCGSCGSHQMELANHDKQVHQ,-7.1
CC[C@H](C=O)C[C@@H](C#N)NC(=O)[C@@H]1[C@@H]2[C@H](CN1C(=O)[C@@H](NC(=O)C(F)(F)F)C(C)(C)C(F)F)C2(C)C,HLYGSFLCGSCGSHQMELANHDKQVHQ,-7.1
CC(C)(C(F)F)[C@H](NC(=O)C(F)(F)F)C(=O)N1C[C@H]2[C@@H]([C@H]1C(N)=O)C2(C)C,HLYGSFLCGSCGSHQMELANHDKQVHQ,-7.1
CC(C)(C(F)F)[C@H](NC(=O)C(F)(F)F)C(=O)N1C[C@H]2[C@@H]([C@H]1C(=O)c1ccccc1C#N)C2(C)C,HLYGSFLCGSCGSHQMELANHDKQVHQ,-7.1
CC[C@H](C=O)C[C@@H](C#N)NC(=O)[C@@H]1[C@@H]2[C@H](CN1C(=O)[C@@H](NC(=O)C(F)(F)F)C(C)(C)C(F)F)C2(C)C,HLYGSFLCGSCGSHQMELANHDKQVHQ,-7.1
CC(C)(C(F)F)[C@H](NC(=O)C(F)(F)F)C(=O)N1C[C@H]2[C@@H]([C@H]1C(N)=O)C2(C)C,HLYGSFLCGSCGSHQMELANHDKQVHQ,-7.1
CC(C)(C(F)F)[C@H](NC(=O)C(F)(F)F)C(=O)N1C[C@H]2[C@@H]([C@H]1C(=O)c1ccccc1C#N)C2(C)C,HLYGSFLCGSCGSHQMELANHDKQVHQ,-7.1
CC[C@H](C=O)C[C@@H](C#N)NC(=O)[C@@H]1[C@@H]2[C@H](CN1C(=O)[C@@H](NC(=O)C(F)(F)F)C(C)(C)C(F)F)C2(C)C,HLYGSFLCGSCGSHQMELANHDKQVHQ,-7.1
CC(C)(C(F)F)[C@H](NC(=O)C(F)(F)F)C(=O)N1C[C@H]2[C@@H]([C@H]1C(N)=O)C2(C)C,HLYGSFLCGSCGSHQMELANHDKQVHQ,-7.1
CC(C)(C)[C@H](NC(=O)C(F)(F)F)C(=O)N1C[C@H]2[C@@H]([C@H]1C(=O)c1ccccc1C#N)[C@]2(C)CCl,HLYGSFLCGSCGSHQMELANHDKQVHQ,-7.1
CC(C)(C)[C@H](NC(=O)C(F)(F)F)C(=O)N1C[C@H]2[C@@H]([C@H]1C(=O)N[C@@H](C[C@@H]1CCNC1=O)C(N)=S)[C@]2(C)CCl,HLYGSFLCGSCGSHQMELANHDKQVHQ,-7.1
CC(C)(C)[C@H](NC(=O)C(F)(F)F)C(=O)N1C[C@H]2[C@@H]([C@H]1C(=O)c1ccccc1C#N)[C@]2(C)CCl,HLYGSFLCGSCGSHQMELANHDKQVHQ,-7.1
CC(C)(C)[C@H](NC(=O)C(F)(F)F)C(=O)N1C[C@H]2[C@@H]([C@H]1C(=O)N[C@@H](C[C@@H]1CCNC1=O)C(N)=S)[C@]2(C)CCl,HLYGSFLCGSCGSHQMELANHDKQVHQ,-7.1
CC[C@@H](C[C@@H](C#N)NC(=O)[C@@H]1[C@@H]2[C@H](CN1C(=O)[C@@H](NC(=O)C(F)(F)F)C(C)(C)C)[C@]2(C)CF)C(=O)Nc1ccccc1,HLYGSFLCGSCGSHQMELANHDKQVHQ,-7.1
CC(C)(CF)[C@H](NC(=O)C(F)(F)F)C(=O)N1C[C@H]2[C@@H]([C@H]1C(=O)c1ccccc1C#N)C2(C)C,HLYGSFLCGSCGSHQMELANHDKQVHQ,-7.1
CC(C)(CF)[C@H](NC(=O)C(F)(F)F)C(=O)N1C[C@H]2[C@@H]([C@H]1C(=O)N[C@@H](C[C@@H]1CCNC1=O)C(N)=S)C2(C)C,HLYGSFLCGSCGSHQMELANHDKQVHQ,-7.1
CC(C)(CF)[C@H](NC(=O)C(F)(F)F)C(=O)N1C[C@H]2[C@@H]([C@H]1C(=O)c1ccccc1C#N)C2(C)C,HLYGSFLCGSCGSHQMELANHDKQVHQ,-7.1
CC(C)(CF)[C@H](NC(=O)C(F)(F)F)C(=O)N1C[C@H]2[C@@H]([C@H]1C(=O)N[C@@H](C[C@@H]1CCNC1=O)C(N)=S)C2(C)C,HLYGSFLCGSCGSHQMELANHDKQVHQ,-7.1
CC(C)(CF)[C@H](NC(=O)C(F)(F)F)C(=O)N1C[C@H]2[C@@H]([C@H]1C(=O)c1ccccc1C#N)C2(C)C,HLYGSFLCGSCGSHQMELANHDKQVHQ,-7.1
CC(C)(CF)[C@H](NC(=O)C(F)(F)F)C(=O)N1C[C@H]2[C@@H]([C@H]1C(=O)N[C@@H](C[C@@H]1CCNC1=O)C(N)=S)C2(C)C,HLYGSFLCGSCGSHQMELANHDKQVHQ,-7.1
CC(C)(C)[C@H](NC(=O)C(F)(F)F)C(=O)N1C[C@H]2[C@@H]([C@H]1C(N)=O)[C@]2(C)C(F)F,HLYGSFLCGSCGSHQMELANHDKQVHQ,-7.1
CC(C)(C(F)F)[C@H](NC(=O)C(F)(F)F)C(=O)N1C[C@H]2[C@@H]([C@H]1C(=O)c1ccccc1C#N)C2(C)C,HLYGSFLCGSCGSHQMELANHDKQVHQ,-7.1
CC[C@H](C=O)C[C@@H](C#N)NC(=O)[C@@H]1[C@@H]2[C@H](CN1C(=O)[C@@H](NC(=O)C(F)(F)F)C(C)(C)C(F)F)C2(C)C,HLYGSFLCGSCGSHQMELANHDKQVHQ,-7.1
CC(C)(C(F)F)[C@H](NC(=O)C(F)(F)F)C(=O)N1C[C@H]2[C@@H]([C@H]1C(N)=O)C2(C)C,HLYGSFLCGSCGSHQMELANHDKQVHQ,-7.1
CC(C)(C(F)F)[C@H](NC(=O)C(F)(F)F)C(=O)N1C[C@H]2[C@@H]([C@H]1C(=O)c1ccccc1C#N)C2(C)C,HLYGSFLCGSCGSHQMELANHDKQVHQ,-7.1
CC[C@H](C=O)C[C@@H](C#N)NC(=O)[C@@H]1[C@@H]2[C@H](CN1C(=O)[C@@H](NC(=O)C(F)(F)F)C(C)(C)C(F)F)C2(C)C,HLYGSFLCGSCGSHQMELANHDKQVHQ,-7.1
CC(C)(C(F)F)[C@H](NC(=O)C(F)(F)F)C(=O)N1C[C@H]2[C@@H]([C@H]1C(N)=O)C2(C)C,HLYGSFLCGSCGSHQMELANHDKQVHQ,-7.1
CC(C)(C(F)F)[C@H](NC(=O)C(F)(F)F)C(=O)N1C[C@H]2[C@@H]([C@H]1C(=O)c1ccccc1C#N)C2(C)C,HLYGSFLCGSCGSHQMELANHDKQVHQ,-7.1
CC[C@H](C=O)C[C@@H](C#N)NC(=O)[C@@H]1[C@@H]2[C@H](CN1C(=O)[C@@H](NC(=O)C(F)(F)F)C(C)(C)C(F)F)C2(C)C,HLYGSFLCGSCGSHQMELANHDKQVHQ,-7.1
CC(C)(C(F)F)[C@H](NC(=O)C(F)(F)F)C(=O)N1C[C@H]2[C@@H]([C@H]1C(N)=O)C2(C)C,HLYGSFLCGSCGSHQMELANHDKQVHQ,-7.1
CC(C)(C)[C@H](NC(=O)C(F)(F)F)C(=O)N1C[C@H]2[C@@H]([C@H]1C(=O)c1ccccc1C#N)[C@]2(C)CCl,HLYGSFLCGSCGSHQMELANHDKQVHQ,-7.1
CC(C)(C)[C@H](NC(=O)C(F)(F)F)C(=O)N1C[C@H]2[C@@H]([C@H]1C(=O)N[C@@H](C[C@@H]1CCNC1=O)C(N)=S)[C@]2(C)CCl,HLYGSFLCGSCGSHQMELANHDKQVHQ,-7.1
CC(C)(C)[C@H](NC(=O)C(F)(F)F)C(=O)N1C[C@H]2[C@@H]([C@H]1C(=O)c1ccccc1C#N)[C@]2(C)CCl,HLYGSFLCGSCGSHQMELANHDKQVHQ,-7.1
CC(C)(C)[C@H](NC(=O)C(F)(F)F)C(=O)N1C[C@H]2[C@@H]([C@H]1C(=O)N[C@@H](C[C@@H]1CCNC1=O)C(N)=S)[C@]2(C)CCl,HLYGSFLCGSCGSHQMELANHDKQVHQ,-7.1
CC[C@@H](C[C@@H](C#N)NC(=O)[C@@H]1[C@@H]2[C@H](CN1C(=O)[C@@H](NC(=O)C(F)(F)F)C(C)(C)C)[C@]2(C)CF)C(=O)Nc1ccccc1,HLYGSFLCGSCGSHQMELANHDKQVHQ,-7.1
CC[C@@H](C[C@@H](C#N)NC(=O)[C@@H]1[C@@H]2[C@H](CN1C(=O)[C@@H](NC(=O)C(F)(F)F)C(C)(C)C)[C@]2(C)CF)C(=O)Nc1ccccc1,HLYGSFLCGSCGSHQMELANHDKQVHQ,-7.1
CC(C)(CF)[C@H](NC(=O)C(F)(F)F)C(=O)N1C[C@H]2[C@@H]([C@H]1C(=O)c1ccccc1C#N)C2(C)C,HLYGSFLCGSCGSHQMELANHDKQVHQ,-7.1
CC(C)(CF)[C@H](NC(=O)C(F)(F)F)C(=O)N1C[C@H]2[C@@H]([C@H]1C(=O)N[C@@H](C[C@@H]1CCNC1=O)C(N)=S)C2(C)C,HLYGSFLCGSCGSHQMELANHDKQVHQ,-7.1
CC(C)(CF)[C@H](NC(=O)C(F)(F)F)C(=O)N1C[C@H]2[C@@H]([C@H]1C(=O)c1ccccc1C#N)C2(C)C,HLYGSFLCGSCGSHQMELANHDKQVHQ,-7.1
CC(C)(CF)[C@H](NC(=O)C(F)(F)F)C(=O)N1C[C@H]2[C@@H]([C@H]1C(=O)N[C@@H](C[C@@H]1CCNC1=O)C(N)=S)C2(C)C,HLYGSFLCGSCGSHQMELANHDKQVHQ,-7.1
CC(C)(CF)[C@H](NC(=O)C(F)(F)F)C(=O)N1C[C@H]2[C@@H]([C@H]1C(=O)c1ccccc1C#N)C2(C)C,HLYGSFLCGSCGSHQMELANHDKQVHQ,-7.1
CC(C)(CF)[C@H](NC(=O)C(F)(F)F)C(=O)N1C[C@H]2[C@@H]([C@H]1C(=O)N[C@@H](C[C@@H]1CCNC1=O)C(N)=S)C2(C)C,HLYGSFLCGSCGSHQMELANHDKQVHQ,-7.1
CC(C)(C)[C@H](NC(=O)C(F)(F)F)C(=O)N1C[C@H]2[C@@H]([C@H]1C(=O)c1ccccc1C#N)C2(C)C,HLYGSFLCGSCGSHQMELANHDKQVHQ,-7.1
CC(C)(C)[C@H](NC(=O)C(F)(F)F)C(=O)N1C[C@H]2[C@@H]([C@H]1C(=O)N[C@@H](C[C@@H]1CCNC1=O)C(N)=O)C2(C)C,HLYGSFLCGSCGSHQMELANHDKQVHQ,-7.1
CC(C)(C)[C@H](NC(=O)C(F)(F)F)C(=O)N1C[C@H]2[C@@H]([C@H]1C(=O)N[C@@H](C[C@@H]1CCNC1=O)C(N)=S)C2(C)C,HLYGSFLCGSCGSHQMELANHDKQVHQ,-7.1
CC(C)(C)[C@H](NC(=O)C(F)(F)F)C(=O)N1C[C@H]2[C@@H]([C@H]1C(=O)c1ccccc1C#N)C2(C)C,HLYGSFLCGSCGSHQMELANHDKQVHQ,-7.1
CC[C@@H](C[C@H](NC(=O)[C@@H]1[C@@H]2[C@H](CN1C(=O)[C@@H](NC(=O)C(F)(F)F)C(C)(C)C)C2(C)C)C(N)=S)C(=O)N[SH](=O)=O,HLYGSFLCGSCGSHQMELANHDKQVHQ,-7.1
CC(C)(C)[C@H](NC(=O)C(F)(F)F)C(=S)N1C[C@H]2[C@@H]([C@H]1C(=O)c1ccccc1C#N)C2(C)C,HLYGSFLCGSCGSHQMELANHDKQVHQ,-7
COC(F)(F)C(=O)N[C@H](C(=O)N1C[C@H]2[C@@H]([C@H]1C=O)C2(C)C)C(C)(C)C,HLYGSFLCGSCGSHQMELANHDKQVHQ,-7
COC(F)(F)C(=O)N[C@H](C(=O)N1C[C@H]2[C@@H]([C@H]1C=O)C2(C)C)C(C)(C)C,HLYGSFLCGSCGSHQMELANHDKQVHQ,-7
COC(F)(F)C(=O)N[C@H](C(=O)N1C[C@H]2[C@@H]([C@H]1C=O)C2(C)C)C(C)(C)C,HLYGSFLCGSCGSHQMELANHDKQVHQ,-7
CC[C@@H](C[C@@H](C#N)NC(=O)[C@@H]1[C@@H]2[C@H](CN1NC(=O)[C@@H](NC(=O)C(F)(F)F)C(C)(C)C)C2(C)C)C(N)=O,HLYGSFLCGSCGSHQMELANHDKQVHQ,-7
CC[C@@H](C[C@@H](C#N)NC(=O)[C@@H]1[C@@H]2[C@H](CN1C(=O)[C@@H](NC(=O)C(F)(F)C#N)C(C)(C)C)C2(C)C)C(N)=O,HLYGSFLCGSCGSHQMELANHDKQVHQ,-7
CC[C@@H](C[C@@H](C#N)NC(=O)[C@@H]1[C@@H]2[C@H](CN1C(=O)[C@@H](NC(=O)C(F)(F)C#N)C(C)(C)C)C2(C)C)C(N)=O,HLYGSFLCGSCGSHQMELANHDKQVHQ,-7
CC[C@@H](C[C@@H](C#N)NC(=O)[C@@H]1[C@@H]2[C@H](CN1C(=O)[C@@H](NC(=O)C(F)(F)C#N)C(C)(C)C)C2(C)C)C(N)=O,HLYGSFLCGSCGSHQMELANHDKQVHQ,-7
CC[C@@H](C[C@@H](C#N)NC(=O)[C@@H]1[C@@H]2[C@H](CN1C(=O)[C@@H](NC(=O)C(F)(F)OC)C(C)(C)C)C2(C)C)C(N)=O,HLYGSFLCGSCGSHQMELANHDKQVHQ,-7
CC[C@@H](C[C@@H](C#N)NC(=O)[C@@H]1[C@@H]2[C@H](CN1C(=O)[C@@H](NC(=O)C(F)(F)OC)C(C)(C)C)C2(C)C)C(N)=O,HLYGSFLCGSCGSHQMELANHDKQVHQ,-7
CC[C@@H](C[C@@H](C#N)NC(=O)[C@@H]1[C@@H]2[C@H](CN1C(=O)[C@@H](NC(=O)C(F)(F)OC)C(C)(C)C)C2(C)C)C(N)=O,HLYGSFLCGSCGSHQMELANHDKQVHQ,-7
CC[C@@H](C[C@H](NC(=O)[C@@H]1[C@@H]2[C@H](CN1C(=O)[C@@H](NC(=O)C(F)(F)F)C(C)(C)C)C2(C)C)C(N)=O)C(=O)N(C)C,HLYGSFLCGSCGSHQMELANHDKQVHQ,-7
CC[C@@H](C[C@H](NC(=O)[C@@H]1[C@@H]2[C@H](CN1C(=O)[C@@H](NC(=O)C(F)(F)F)C(C)(C)C)C2(C)C)C(N)=S)C(=O)NC,HLYGSFLCGSCGSHQMELANHDKQVHQ,-7
CC(C)(C)[C@H](NC(=O)C(F)(F)F)C(=S)N1C[C@H]2[C@@H]([C@H]1C(=O)c1ccccc1C#N)C2(C)C,HLYGSFLCGSCGSHQMELANHDKQVHQ,-7
CC(C)(C)[C@H](NC(=O)C(F)(F)F)C(=O)N1C[C@H]2[C@@H]([C@H]1C(=S)N[C@@H](C[C@@H]1CCNC1=O)C(N)=O)C2(C)C,HLYGSFLCGSCGSHQMELANHDKQVHQ,-7
CC[C@@H](C[C@@H](C#N)NC(=O)[C@@H]1[C@@H]2[C@H](CN1NC(=O)[C@@H](NC(=O)C(F)(F)F)C(C)(C)C)C2(C)C)C(N)=O,HLYGSFLCGSCGSHQMELANHDKQVHQ,-7
CC[C@@H](C[C@@H](C#N)NC(=O)[C@@H]1[C@@H]2[C@H](CN1C(=O)[C@@H](NC(=O)C(F)(F)C#N)C(C)(C)C)C2(C)C)C(N)=O,HLYGSFLCGSCGSHQMELANHDKQVHQ,-7
CC[C@@H](C[C@@H](C#N)NC(=O)[C@@H]1[C@@H]2[C@H](CN1C(=O)[C@@H](NC(=O)C(F)(F)C#N)C(C)(C)C)C2(C)C)C(N)=O,HLYGSFLCGSCGSHQMELANHDKQVHQ,-7
CC[C@@H](C[C@@H](C#N)NC(=O)[C@@H]1[C@@H]2[C@H](CN1C(=O)[C@@H](NC(=O)C(F)(F)C#N)C(C)(C)C)C2(C)C)C(N)=O,HLYGSFLCGSCGSHQMELANHDKQVHQ,-7
COC(F)(F)C(=O)N[C@H](C(=O)N1C[C@H]2[C@@H]([C@H]1C=O)C2(C)C)C(C)(C)C,HLYGSFLCGSCGSHQMELANHDKQVHQ,-7
CC[C@@H](C[C@@H](C#N)NC(=O)[C@@H]1[C@@H]2[C@H](CN1C(=O)[C@@H](NC(=O)C(F)(F)OC)C(C)(C)C)C2(C)C)C(N)=O,HLYGSFLCGSCGSHQMELANHDKQVHQ,-7
COC(F)(F)C(=O)N[C@H](C(=O)N1C[C@H]2[C@@H]([C@H]1C=O)C2(C)C)C(C)(C)C,HLYGSFLCGSCGSHQMELANHDKQVHQ,-7
CC[C@@H](C[C@@H](C#N)NC(=O)[C@@H]1[C@@H]2[C@H](CN1C(=O)[C@@H](NC(=O)C(F)(F)OC)C(C)(C)C)C2(C)C)C(N)=O,HLYGSFLCGSCGSHQMELANHDKQVHQ,-7
COC(F)(F)C(=O)N[C@H](C(=O)N1C[C@H]2[C@@H]([C@H]1C=O)C2(C)C)C(C)(C)C,HLYGSFLCGSCGSHQMELANHDKQVHQ,-7
CC[C@@H](C[C@@H](C#N)NC(=O)[C@@H]1[C@@H]2[C@H](CN1C(=O)[C@@H](NC(=O)C(F)(F)OC)C(C)(C)C)C2(C)C)C(N)=O,HLYGSFLCGSCGSHQMELANHDKQVHQ,-7
CC[C@@H](C[C@@H](C#N)NC(=O)[C@@H]1[C@@H]2[C@H](CN1C(=O)[C@@H](NC(=O)C(F)(F)F)C(C)(C)CCl)C2(C)C)C(=O)Nc1ccccc1,HLYGSFLCGSCGSHQMELANHDKQVHQ,-7
CC[C@@H](C[C@@H](C#N)NC(=O)[C@@H]1[C@@H]2[C@H](CN1C(=O)[C@@H](NC(=O)C(F)(F)F)C(C)(C)CCl)C2(C)C)C(=O)Nc1ccccc1,HLYGSFLCGSCGSHQMELANHDKQVHQ,-7
CC[C@@H](C[C@@H](C#N)NC(=O)[C@@H]1[C@@H]2[C@H](CN1C(=O)[C@@H](NC(=O)C(F)(F)F)C(C)(C)CCl)C2(C)C)C(=O)Nc1ccccc1,HLYGSFLCGSCGSHQMELANHDKQVHQ,-7
CC[C@@H](C[C@@H](C#N)NC(=O)[C@@H]1[C@@H]2[C@H](CN1C(=O)[C@@H](NC(=O)C(F)(F)F)C(C)(C)C)[C@]2(C)CF)C(N)=O,HLYGSFLCGSCGSHQMELANHDKQVHQ,-7
CC(C)(C)[C@H](NC(=O)C(F)(F)F)C(=O)N1C[C@H]2[C@@H]([C@H]1C(=O)c1ccccc1C#N)[C@@]2(C)CF,HLYGSFLCGSCGSHQMELANHDKQVHQ,-7
CC[C@@H](C[C@@H](C#N)NC(=O)[C@@H]1[C@@H]2[C@H](CN1C(=O)[C@@H](NC(=O)C(F)(F)F)C(C)(C)C)[C@]2(C)CF)C(N)=O,HLYGSFLCGSCGSHQMELANHDKQVHQ,-7
CC[C@H](CN)C[C@@H](C#N)NC(=O)[C@@H]1[C@@H]2[C@H](CN1C(=O)[C@@H](NC(=O)C(F)(F)F)C(C)(C)CF)C2(C)C,HLYGSFLCGSCGSHQMELANHDKQVHQ,-7
CC[C@H](CN)C[C@@H](C#N)NC(=O)[C@@H]1[C@@H]2[C@H](CN1C(=O)[C@@H](NC(=O)C(F)(F)F)C(C)(C)CF)C2(C)C,HLYGSFLCGSCGSHQMELANHDKQVHQ,-7
CC[C@H](CN)C[C@@H](C#N)NC(=O)[C@@H]1[C@@H]2[C@H](CN1C(=O)[C@@H](NC(=O)C(F)(F)F)C(C)(C)CF)C2(C)C,HLYGSFLCGSCGSHQMELANHDKQVHQ,-7
CC[C@@H](C[C@@H](C#N)NC(=O)[C@@H]1[C@@H]2[C@H](CN1C(=O)[C@@H](NC(=O)C(F)(F)F)C(C)(C)CCl)C2(C)C)C(=O)Nc1ccccc1,HLYGSFLCGSCGSHQMELANHDKQVHQ,-7
CC[C@@H](C[C@@H](C#N)NC(=O)[C@@H]1[C@@H]2[C@H](CN1C(=O)[C@@H](NC(=O)C(F)(F)F)C(C)(C)CCl)C2(C)C)C(=O)Nc1ccccc1,HLYGSFLCGSCGSHQMELANHDKQVHQ,-7
CC[C@@H](C[C@@H](C#N)NC(=O)[C@@H]1[C@@H]2[C@H](CN1C(=O)[C@@H](NC(=O)C(F)(F)F)C(C)(C)CCl)C2(C)C)C(=O)Nc1ccccc1,HLYGSFLCGSCGSHQMELANHDKQVHQ,-7
CC(C)(C)[C@H](NC(=O)C(F)(F)F)C(=O)N1C[C@H]2[C@@H]([C@H]1C(=O)c1ccccc1C#N)[C@@]2(C)CF,HLYGSFLCGSCGSHQMELANHDKQVHQ,-7
CC[C@@H](C[C@@H](C#N)NC(=O)[C@@H]1[C@@H]2[C@H](CN1C(=O)[C@@H](NC(=O)C(F)(F)F)C(C)(C)C)[C@]2(C)CF)C(N)=O,HLYGSFLCGSCGSHQMELANHDKQVHQ,-7
CC[C@H](CN)C[C@@H](C#N)NC(=O)[C@@H]1[C@@H]2[C@H](CN1C(=O)[C@@H](NC(=O)C(F)(F)F)C(C)(C)CF)C2(C)C,HLYGSFLCGSCGSHQMELANHDKQVHQ,-7
CC[C@H](CN)C[C@@H](C#N)NC(=O)[C@@H]1[C@@H]2[C@H](CN1C(=O)[C@@H](NC(=O)C(F)(F)F)C(C)(C)CF)C2(C)C,HLYGSFLCGSCGSHQMELANHDKQVHQ,-7
CC[C@H](CN)C[C@@H](C#N)NC(=O)[C@@H]1[C@@H]2[C@H](CN1C(=O)[C@@H](NC(=O)C(F)(F)F)C(C)(C)CF)C2(C)C,HLYGSFLCGSCGSHQMELANHDKQVHQ,-7
CC[C@@H](C[C@H](NC(=O)[C@@H]1[C@@H]2[C@H](CN1C(=O)[C@@H](NC(=O)C(F)(F)F)C(C)(C)C)C2(C)C)C(N)=O)C(=O)N(C)C,HLYGSFLCGSCGSHQMELANHDKQVHQ,-7
CC(C)(C)[C@H](NC(=O)C(F)(F)F)C(=O)N1C[C@H]2[C@@H]([C@H]1C(=S)N[C@@H](C[C@@H]1CCNC1=O)C(N)=O)C2(C)C,HLYGSFLCGSCGSHQMELANHDKQVHQ,-7
CC[C@@H](C[C@H](NC(=O)[C@@H]1[C@@H]2[C@H](CN1C(=O)[C@@H](NC(=O)C(F)(F)F)C(C)(C)C)C2(C)C)C(N)=S)C(=O)NC,HLYGSFLCGSCGSHQMELANHDKQVHQ,-7
CC(C)(C)[C@H](NC(=O)C(F)(F)C#N)C(=O)N1C[C@H]2[C@@H]([C@H]1C(=O)c1ccccc1C#N)C2(C)C,HLYGSFLCGSCGSHQMELANHDKQVHQ,-6.9
CC(C)(C)[C@H](NC(=O)C(F)(F)C#N)C(=O)N1C[C@H]2[C@@H]([C@H]1C(=O)c1ccccc1C#N)C2(C)C,HLYGSFLCGSCGSHQMELANHDKQVHQ,-6.9
CC(C)(C)[C@H](NC(=O)C(F)(F)C#N)C(=O)N1C[C@H]2[C@@H]([C@H]1C(=O)c1ccccc1C#N)C2(C)C,HLYGSFLCGSCGSHQMELANHDKQVHQ,-6.9
CC[C@@H](C[C@@H](C#N)NC(=S)[C@@H]1[C@@H]2[C@H](CN1C(=O)[C@@H](NC(=O)C(F)(F)F)C(C)(C)C)C2(C)C)C(=O)Nc1ccccc1,HLYGSFLCGSCGSHQMELANHDKQVHQ,-6.9
CC[C@@H](C[C@@H](C#N)NC(=O)[C@@H]1[C@@H]2[C@H](CN1C(=O)[C@@H](NC(=O)C(F)(F)OC)C(C)(C)C)C2(C)C)C(=O)Nc1ccccc1,HLYGSFLCGSCGSHQMELANHDKQVHQ,-6.9
CC[C@@H](C[C@@H](C#N)NC(=O)[C@@H]1[C@@H]2[C@H](CN1C(=O)[C@@H](NC(=O)C(F)(F)OC)C(C)(C)C)C2(C)C)C(=O)Nc1ccccc1,HLYGSFLCGSCGSHQMELANHDKQVHQ,-6.9
CC[C@@H](C[C@@H](C#N)NC(=O)[C@@H]1[C@@H]2[C@H](CN1C(=O)[C@@H](NC(=O)C(F)(F)OC)C(C)(C)C)C2(C)C)C(=O)Nc1ccccc1,HLYGSFLCGSCGSHQMELANHDKQVHQ,-6.9
CC[C@@H](C[C@H](NC(=O)[C@@H]1[C@@H]2[C@H](CN1C(=O)[C@@H](NC(=O)C(F)(F)F)C(C)(C)C)C2(C)C)C(N)=O)C(=O)OC,HLYGSFLCGSCGSHQMELANHDKQVHQ,-6.9
CC[C@H](C=O)C[C@@H](C#N)NC(=O)[C@@H]1[C@@H]2[C@H](CN1C(=O)[C@@H](NC(=O)C(F)(F)C#N)C(C)(C)C)C2(C)C,HLYGSFLCGSCGSHQMELANHDKQVHQ,-6.9
CC[C@H](C=O)C[C@@H](C#N)NC(=O)[C@@H]1[C@@H]2[C@H](CN1C(=O)[C@@H](NC(=O)C(F)(F)C#N)C(C)(C)C)C2(C)C,HLYGSFLCGSCGSHQMELANHDKQVHQ,-6.9
CC[C@H](C=O)C[C@@H](C#N)NC(=O)[C@@H]1[C@@H]2[C@H](CN1C(=O)[C@@H](NC(=O)C(F)(F)C#N)C(C)(C)C)C2(C)C,HLYGSFLCGSCGSHQMELANHDKQVHQ,-6.9
CC[C@@H](C[C@@H](C#N)NC(=O)[C@@H]1[C@@H]2[C@H](CN1C(=O)[C@@H](NC(=S)C(F)(F)F)C(C)(C)C)C2(C)C)C(N)=O,HLYGSFLCGSCGSHQMELANHDKQVHQ,-6.9
CC[C@@H](C[C@@H](C#N)NC(=O)[C@@H]1[C@@H]2[C@H](CN1C(=O)[C@@H](NNC(=O)C(F)(F)F)C(C)(C)C)C2(C)C)C(N)=O,HLYGSFLCGSCGSHQMELANHDKQVHQ,-6.9
CC[C@@H](C[C@H](NC(=O)[C@@H]1[C@@H]2[C@H](CN1C(=O)[C@@H](NC(=O)C(F)(F)F)C(C)(C)C)C2(C)C)C(N)=S)C(N)=O,HLYGSFLCGSCGSHQMELANHDKQVHQ,-6.9
CC[C@@H](C[C@H](NC(=O)[C@@H]1[C@@H]2[C@H](CN1C(=O)[C@@H](NC(=O)C(F)(F)F)C(C)(C)C)C2(C)C)C(N)=S)C(=O)NOC,HLYGSFLCGSCGSHQMELANHDKQVHQ,-6.9
CC[C@@H](C[C@H](NC(=O)[C@@H]1[C@@H]2[C@H](CN1C(=O)[C@@H](NC(=O)C(F)(F)F)C(C)(C)C)C2(C)C)C(N)=S)C(=O)N(C)C,HLYGSFLCGSCGSHQMELANHDKQVHQ,-6.9
CC(C)(C)[C@H](NC(=O)C(F)(F)[N+](=O)[O-])C(=O)N1C[C@H]2[C@@H]([C@H]1CN)C2(C)C,HLYGSFLCGSCGSHQMELANHDKQVHQ,-6.9
CC(C)(C)[C@H](NC(=O)C(F)(F)[N+](=O)[O-])C(=O)N1C[C@H]2[C@@H]([C@H]1CN)C2(C)C,HLYGSFLCGSCGSHQMELANHDKQVHQ,-6.9
CC(C)(C)[C@H](NC(=O)C(F)(F)[N+](=O)[O-])C(=O)N1C[C@H]2[C@@H]([C@H]1CN)C2(C)C,HLYGSFLCGSCGSHQMELANHDKQVHQ,-6.9
CC[C@H](CN)C[C@@H](C#N)NC(=O)[C@@H]1[C@@H]2[C@H](CN1C(=O)[C@@H](NC(=O)C(F)(F)OC)C(C)(C)C)C2(C)C,HLYGSFLCGSCGSHQMELANHDKQVHQ,-6.9
CC[C@H](CN)C[C@@H](C#N)NC(=O)[C@@H]1[C@@H]2[C@H](CN1C(=O)[C@@H](NC(=O)C(F)(F)OC)C(C)(C)C)C2(C)C,HLYGSFLCGSCGSHQMELANHDKQVHQ,-6.9
CC[C@H](CN)C[C@@H](C#N)NC(=O)[C@@H]1[C@@H]2[C@H](CN1C(=O)[C@@H](NC(=O)C(F)(F)OC)C(C)(C)C)C2(C)C,HLYGSFLCGSCGSHQMELANHDKQVHQ,-6.9
CC[C@@H](C[C@@H](C#N)NC(=S)[C@@H]1[C@@H]2[C@H](CN1C(=O)[C@@H](NC(=O)C(F)(F)F)C(C)(C)C)C2(C)C)C(=O)Nc1ccccc1,HLYGSFLCGSCGSHQMELANHDKQVHQ,-6.9
CC(C)(C)[C@H](NC(=O)C(F)(F)F)C(=O)N1C[C@H]2[C@@H]([C@H]1C(=S)N[C@@H](C[C@@H]1CCNC1=O)C(N)=S)C2(C)C,HLYGSFLCGSCGSHQMELANHDKQVHQ,-6.9
CC[C@@H](C[C@@H](C#N)NC(=O)[C@@H]1[C@@H]2[C@H](CN1C(=O)[C@@H](NC(=S)C(F)(F)F)C(C)(C)C)C2(C)C)C(N)=O,HLYGSFLCGSCGSHQMELANHDKQVHQ,-6.9
CC(C)(C)[C@H](NC(=O)C(F)(F)F)C(=O)NN1C[C@H]2[C@@H]([C@H]1C(=O)N[C@@H](C[C@@H]1CCNC1=O)C(N)=S)C2(C)C,HLYGSFLCGSCGSHQMELANHDKQVHQ,-6.9
CC[C@@H](C[C@@H](C#N)NC(=O)[C@@H]1[C@@H]2[C@H](CN1C(=O)[C@@H](NNC(=O)C(F)(F)F)C(C)(C)C)C2(C)C)C(N)=O,HLYGSFLCGSCGSHQMELANHDKQVHQ,-6.9
CC(C)(C)[C@H](NC(=O)C(F)(F)C#N)C(=O)N1C[C@H]2[C@@H]([C@H]1C(=O)c1ccccc1C#N)C2(C)C,HLYGSFLCGSCGSHQMELANHDKQVHQ,-6.9
CC[C@H](C=O)C[C@@H](C#N)NC(=O)[C@@H]1[C@@H]2[C@H](CN1C(=O)[C@@H](NC(=O)C(F)(F)C#N)C(C)(C)C)C2(C)C,HLYGSFLCGSCGSHQMELANHDKQVHQ,-6.9
CC(C)(C)[C@H](NC(=O)C(F)(F)C#N)C(=O)N1C[C@H]2[C@@H]([C@H]1C(=O)c1ccccc1C#N)C2(C)C,HLYGSFLCGSCGSHQMELANHDKQVHQ,-6.9
CC[C@H](C=O)C[C@@H](C#N)NC(=O)[C@@H]1[C@@H]2[C@H](CN1C(=O)[C@@H](NC(=O)C(F)(F)C#N)C(C)(C)C)C2(C)C,HLYGSFLCGSCGSHQMELANHDKQVHQ,-6.9
CC(C)(C)[C@H](NC(=O)C(F)(F)C#N)C(=O)N1C[C@H]2[C@@H]([C@H]1C(=O)c1ccccc1C#N)C2(C)C,HLYGSFLCGSCGSHQMELANHDKQVHQ,-6.9
CC[C@H](C=O)C[C@@H](C#N)NC(=O)[C@@H]1[C@@H]2[C@H](CN1C(=O)[C@@H](NC(=O)C(F)(F)C#N)C(C)(C)C)C2(C)C,HLYGSFLCGSCGSHQMELANHDKQVHQ,-6.9
CC(C)(C)[C@H](NC(=O)C(F)(F)[N+](=O)[O-])C(=O)N1C[C@H]2[C@@H]([C@H]1CN)C2(C)C,HLYGSFLCGSCGSHQMELANHDKQVHQ,-6.9
CC(C)(C)[C@H](NC(=O)C(F)(F)[N+](=O)[O-])C(=O)N1C[C@H]2[C@@H]([C@H]1CN)C2(C)C,HLYGSFLCGSCGSHQMELANHDKQVHQ,-6.9
CC(C)(C)[C@H](NC(=O)C(F)(F)[N+](=O)[O-])C(=O)N1C[C@H]2[C@@H]([C@H]1CN)C2(C)C,HLYGSFLCGSCGSHQMELANHDKQVHQ,-6.9
CC[C@@H](C[C@@H](C#N)NC(=O)[C@@H]1[C@@H]2[C@H](CN1C(=O)[C@@H](NC(=O)C(F)(F)OC)C(C)(C)C)C2(C)C)C(=O)Nc1ccccc1,HLYGSFLCGSCGSHQMELANHDKQVHQ,-6.9
CC[C@H](CN)C[C@@H](C#N)NC(=O)[C@@H]1[C@@H]2[C@H](CN1C(=O)[C@@H](NC(=O)C(F)(F)OC)C(C)(C)C)C2(C)C,HLYGSFLCGSCGSHQMELANHDKQVHQ,-6.9
CC[C@@H](C[C@@H](C#N)NC(=O)[C@@H]1[C@@H]2[C@H](CN1C(=O)[C@@H](NC(=O)C(F)(F)OC)C(C)(C)C)C2(C)C)C(=O)Nc1ccccc1,HLYGSFLCGSCGSHQMELANHDKQVHQ,-6.9
CC[C@H](CN)C[C@@H](C#N)NC(=O)[C@@H]1[C@@H]2[C@H](CN1C(=O)[C@@H](NC(=O)C(F)(F)OC)C(C)(C)C)C2(C)C,HLYGSFLCGSCGSHQMELANHDKQVHQ,-6.9
CC[C@@H](C[C@@H](C#N)NC(=O)[C@@H]1[C@@H]2[C@H](CN1C(=O)[C@@H](NC(=O)C(F)(F)OC)C(C)(C)C)C2(C)C)C(=O)Nc1ccccc1,HLYGSFLCGSCGSHQMELANHDKQVHQ,-6.9
CC[C@H](CN)C[C@@H](C#N)NC(=O)[C@@H]1[C@@H]2[C@H](CN1C(=O)[C@@H](NC(=O)C(F)(F)OC)C(C)(C)C)C2(C)C,HLYGSFLCGSCGSHQMELANHDKQVHQ,-6.9
CC(C)(C)[C@H](NC(=O)C(F)(F)F)C(=O)N1C[C@H]2[C@@H]([C@H]1C=O)[C@]2(C)C(F)F,HLYGSFLCGSCGSHQMELANHDKQVHQ,-6.9
CC(C)(C)[C@H](NC(=O)C(F)(F)F)C(=O)N1C[C@H]2[C@@H]([C@H]1C(=O)c1ccccc1C#N)[C@]2(C)CF,HLYGSFLCGSCGSHQMELANHDKQVHQ,-6.9
CC(C)(C)[C@H](NC(=O)C(F)(F)F)C(=O)N1C[C@H]2[C@@H]([C@H]1C=O)[C@]2(C)C(F)F,HLYGSFLCGSCGSHQMELANHDKQVHQ,-6.9
CC(C)(C)[C@H](NC(=O)C(F)(F)F)C(=O)N1C[C@H]2[C@@H]([C@H]1C(=O)c1ccccc1C#N)[C@]2(C)CF,HLYGSFLCGSCGSHQMELANHDKQVHQ,-6.9
CC[C@@H](C[C@H](NC(=O)[C@@H]1[C@@H]2[C@H](CN1C(=O)[C@@H](NC(=O)C(F)(F)F)C(C)(C)C)C2(C)C)C(N)=O)C(=O)OC,HLYGSFLCGSCGSHQMELANHDKQVHQ,-6.9
CC[C@@H](C[C@H](NC(=O)[C@@H]1[C@@H]2[C@H](CN1C(=O)[C@@H](NC(=O)C(F)(F)F)C(C)(C)C)C2(C)C)C(N)=S)C(N)=O,HLYGSFLCGSCGSHQMELANHDKQVHQ,-6.9
CC[C@@H](C[C@H](NC(=O)[C@@H]1[C@@H]2[C@H](CN1C(=O)[C@@H](NC(=O)C(F)(F)F)C(C)(C)C)C2(C)C)C(N)=S)C(=O)NOC,HLYGSFLCGSCGSHQMELANHDKQVHQ,-6.9
CC[C@@H](C[C@H](NC(=O)[C@@H]1[C@@H]2[C@H](CN1C(=O)[C@@H](NC(=O)C(F)(F)F)C(C)(C)C)C2(C)C)C(N)=S)C(=O)N(C)C,HLYGSFLCGSCGSHQMELANHDKQVHQ,-6.9
CC(C)(C)[C@H](NC(=O)C(F)(F)F)C(=O)NN1C[C@H]2[C@@H]([C@H]1C(=O)N[C@@H](C[C@@H]1CCNC1=O)C(N)=S)C2(C)C,HLYGSFLCGSCGSHQMELANHDKQVHQ,-6.9
CC(C)(C)[C@H](NNC(=O)C(F)(F)F)C(=O)Nc1ccccc1,HLYGSFLCGSCGSHQMELANHDKQVHQ,-6.8
CC(C)(C)[C@H](NC(=O)C(F)(F)[N+](=O)[O-])C(=O)Nc1ccccc1,HLYGSFLCGSCGSHQMELANHDKQVHQ,-6.8
CC(C)(C)[C@H](NC(=O)C(F)(F)[N+](=O)[O-])C(=O)Nc1ccccc1,HLYGSFLCGSCGSHQMELANHDKQVHQ,-6.8
CC(C)(C)[C@H](NC(=O)C(F)(F)[N+](=O)[O-])C(=O)Nc1ccccc1,HLYGSFLCGSCGSHQMELANHDKQVHQ,-6.8
CC[C@H](C=O)C[C@@H](C#N)NC(=S)[C@@H]1[C@@H]2[C@H](CN1C(=O)[C@@H](NC(=O)C(F)(F)F)C(C)(C)C)C2(C)C,HLYGSFLCGSCGSHQMELANHDKQVHQ,-6.8
CC[C@H](C=O)C[C@@H](C#N)NC(=O)[C@@H]1[C@@H]2[C@H](CN1C(=O)[C@@H](NNC(=O)C(F)(F)F)C(C)(C)C)C2(C)C,HLYGSFLCGSCGSHQMELANHDKQVHQ,-6.8
CC[C@@H](C[C@@H](C#N)NC(=O)[C@@H]1[C@@H]2[C@H](CN1C(=S)[C@@H](NC(=O)C(F)(F)F)C(C)(C)C)C2(C)C)C(N)=O,HLYGSFLCGSCGSHQMELANHDKQVHQ,-6.8
CC[C@@H](C[C@@H](C#N)NNC(=O)[C@@H]1[C@@H]2[C@H](CN1C(=O)[C@@H](NC(=O)C(F)(F)F)C(C)(C)C)C2(C)C)C(N)=O,HLYGSFLCGSCGSHQMELANHDKQVHQ,-6.8
CC[C@H](CN)C[C@@H](C#N)NC(=S)[C@@H]1[C@@H]2[C@H](CN1C(=O)[C@@H](NC(=O)C(F)(F)F)C(C)(C)C)C2(C)C,HLYGSFLCGSCGSHQMELANHDKQVHQ,-6.8
CC[C@@H](C[C@@H](C#N)NC(=O)[C@@H]1[C@@H]2[C@H](CN1C(=S)[C@@H](NC(=O)C(F)(F)F)C(C)(C)C)C2(C)C)C(N)=O,HLYGSFLCGSCGSHQMELANHDKQVHQ,-6.8
CC(C)(C)[C@H](NC(=O)C(F)(F)F)C(=S)N1C[C@H]2[C@@H]([C@H]1C(=O)N[C@@H](C[C@@H]1CCNC1=O)C(N)=S)C2(C)C,HLYGSFLCGSCGSHQMELANHDKQVHQ,-6.8
CC[C@H](C=O)C[C@@H](C#N)NC(=S)[C@@H]1[C@@H]2[C@H](CN1C(=O)[C@@H](NC(=O)C(F)(F)F)C(C)(C)C)C2(C)C,HLYGSFLCGSCGSHQMELANHDKQVHQ,-6.8
CC[C@H](CN)C[C@@H](C#N)NC(=S)[C@@H]1[C@@H]2[C@H](CN1C(=O)[C@@H](NC(=O)C(F)(F)F)C(C)(C)C)C2(C)C,HLYGSFLCGSCGSHQMELANHDKQVHQ,-6.8
CC[C@@H](C[C@@H](C#N)NNC(=O)[C@@H]1[C@@H]2[C@H](CN1C(=O)[C@@H](NC(=O)C(F)(F)F)C(C)(C)C)C2(C)C)C(N)=O,HLYGSFLCGSCGSHQMELANHDKQVHQ,-6.8
CC(C)(C)[C@H](NC(=O)C(F)(F)F)C(=O)N1C[C@H]2[C@@H]([C@H]1C(=O)N[C@H](C#N)C[C@@H](C=O)CCN)C2(C)C,HLYGSFLCGSCGSHQMELANHDKQVHQ,-6.8
CC(C)(C)[C@H](NNC(=O)C(F)(F)F)C(=O)Nc1ccccc1,HLYGSFLCGSCGSHQMELANHDKQVHQ,-6.8
CC[C@H](C=O)C[C@@H](C#N)NC(=O)[C@@H]1[C@@H]2[C@H](CN1C(=O)[C@@H](NNC(=O)C(F)(F)F)C(C)(C)C)C2(C)C,HLYGSFLCGSCGSHQMELANHDKQVHQ,-6.8
CC(C)(C)[C@H](NC(=O)C(F)(F)C#N)C(=O)N1C[C@H]2[C@@H]([C@H]1C(=O)N[C@@H](C[C@@H]1CCNC1=O)C(N)=S)C2(C)C,HLYGSFLCGSCGSHQMELANHDKQVHQ,-6.8
CC(C)(C)[C@H](NC(=O)C(F)(F)C#N)C(=O)N1C[C@H]2[C@@H]([C@H]1C(=O)N[C@@H](C[C@@H]1CCNC1=O)C(N)=S)C2(C)C,HLYGSFLCGSCGSHQMELANHDKQVHQ,-6.8
CC(C)(C)[C@H](NC(=O)C(F)(F)C#N)C(=O)N1C[C@H]2[C@@H]([C@H]1C(=O)N[C@@H](C[C@@H]1CCNC1=O)C(N)=S)C2(C)C,HLYGSFLCGSCGSHQMELANHDKQVHQ,-6.8
CC(C)(C)[C@H](NC(=O)C(F)(F)[N+](=O)[O-])C(=O)Nc1ccccc1,HLYGSFLCGSCGSHQMELANHDKQVHQ,-6.8
CC(C)(C)[C@H](NC(=O)C(F)(F)[N+](=O)[O-])C(=O)Nc1ccccc1,HLYGSFLCGSCGSHQMELANHDKQVHQ,-6.8
CC(C)(C)[C@H](NC(=O)C(F)(F)[N+](=O)[O-])C(=O)Nc1ccccc1,HLYGSFLCGSCGSHQMELANHDKQVHQ,-6.8
CC[C@H](C=O)C[C@@H](C#N)NC(=O)[C@@H]1[C@@H]2[C@H](CN1C(=O)[C@@H](NC(=O)C(F)(F)F)C(C)(C)C)[C@@]2(C)C(F)F,HLYGSFLCGSCGSHQMELANHDKQVHQ,-6.8
CC(C)(C(F)F)[C@H](NC(=O)C(F)(F)F)C(=O)N1C[C@H]2[C@@H]([C@H]1C=O)C2(C)C,HLYGSFLCGSCGSHQMELANHDKQVHQ,-6.8
CC[C@H](CN)C[C@@H](C#N)NC(=O)[C@@H]1[C@@H]2[C@H](CN1C(=O)[C@@H](NC(=O)C(F)(F)F)C(C)(C)C(F)F)C2(C)C,HLYGSFLCGSCGSHQMELANHDKQVHQ,-6.8
CC(C)(C(F)F)[C@H](NC(=O)C(F)(F)F)C(=O)N1C[C@H]2[C@@H]([C@H]1C=O)C2(C)C,HLYGSFLCGSCGSHQMELANHDKQVHQ,-6.8
CC[C@H](CN)C[C@@H](C#N)NC(=O)[C@@H]1[C@@H]2[C@H](CN1C(=O)[C@@H](NC(=O)C(F)(F)F)C(C)(C)C(F)F)C2(C)C,HLYGSFLCGSCGSHQMELANHDKQVHQ,-6.8
CC(C)(C(F)F)[C@H](NC(=O)C(F)(F)F)C(=O)N1C[C@H]2[C@@H]([C@H]1C=O)C2(C)C,HLYGSFLCGSCGSHQMELANHDKQVHQ,-6.8
CC[C@H](CN)C[C@@H](C#N)NC(=O)[C@@H]1[C@@H]2[C@H](CN1C(=O)[C@@H](NC(=O)C(F)(F)F)C(C)(C)C(F)F)C2(C)C,HLYGSFLCGSCGSHQMELANHDKQVHQ,-6.8
CC(C)(CCl)[C@H](NC(=O)C(F)(F)F)C(=O)N1C[C@H]2[C@@H]([C@H]1C(=O)c1ccccc1C#N)C2(C)C,HLYGSFLCGSCGSHQMELANHDKQVHQ,-6.8
CC(C)(CCl)[C@H](NC(=O)C(F)(F)F)C(=O)N1C[C@H]2[C@@H]([C@H]1C(N)=O)C2(C)C,HLYGSFLCGSCGSHQMELANHDKQVHQ,-6.8
CC[C@@H](C[C@@H](C#N)NC(=O)[C@@H]1[C@@H]2[C@H](CN1C(=O)[C@@H](NC(=O)C(F)(F)F)C(C)(C)CCl)C2(C)C)C(N)=O,HLYGSFLCGSCGSHQMELANHDKQVHQ,-6.8
CC(C)(CCl)[C@H](NC(=O)C(F)(F)F)C(=O)N1C[C@H]2[C@@H]([C@H]1C(=O)c1ccccc1C#N)C2(C)C,HLYGSFLCGSCGSHQMELANHDKQVHQ,-6.8
CC(C)(CCl)[C@H](NC(=O)C(F)(F)F)C(=O)N1C[C@H]2[C@@H]([C@H]1C(N)=O)C2(C)C,HLYGSFLCGSCGSHQMELANHDKQVHQ,-6.8
CC[C@@H](C[C@@H](C#N)NC(=O)[C@@H]1[C@@H]2[C@H](CN1C(=O)[C@@H](NC(=O)C(F)(F)F)C(C)(C)CCl)C2(C)C)C(N)=O,HLYGSFLCGSCGSHQMELANHDKQVHQ,-6.8
CC(C)(CCl)[C@H](NC(=O)C(F)(F)F)C(=O)N1C[C@H]2[C@@H]([C@H]1C(=O)c1ccccc1C#N)C2(C)C,HLYGSFLCGSCGSHQMELANHDKQVHQ,-6.8
CC(C)(CCl)[C@H](NC(=O)C(F)(F)F)C(=O)N1C[C@H]2[C@@H]([C@H]1C(N)=O)C2(C)C,HLYGSFLCGSCGSHQMELANHDKQVHQ,-6.8
CC[C@@H](C[C@@H](C#N)NC(=O)[C@@H]1[C@@H]2[C@H](CN1C(=O)[C@@H](NC(=O)C(F)(F)F)C(C)(C)CCl)C2(C)C)C(N)=O,HLYGSFLCGSCGSHQMELANHDKQVHQ,-6.8
CC(C)(C)[C@H](NC(=O)C(F)(F)F)C(=O)N1C[C@H]2[C@@H]([C@H]1C(N)=O)[C@]2(C)CF,HLYGSFLCGSCGSHQMELANHDKQVHQ,-6.8
CC(C)(C)[C@H](NC(=O)C(F)(F)F)C(=O)N1C[C@H]2[C@@H]([C@H]1C(N)=O)[C@]2(C)CF,HLYGSFLCGSCGSHQMELANHDKQVHQ,-6.8
CC(C)(CF)[C@H](NC(=O)C(F)(F)F)C(=O)N1C[C@H]2[C@@H]([C@H]1C(N)=O)C2(C)C,HLYGSFLCGSCGSHQMELANHDKQVHQ,-6.8
CC(C)(CF)[C@H](NC(=O)C(F)(F)F)C(=O)N1C[C@H]2[C@@H]([C@H]1C(N)=O)C2(C)C,HLYGSFLCGSCGSHQMELANHDKQVHQ,-6.8
CC(C)(CF)[C@H](NC(=O)C(F)(F)F)C(=O)N1C[C@H]2[C@@H]([C@H]1C(N)=O)C2(C)C,HLYGSFLCGSCGSHQMELANHDKQVHQ,-6.8
CC[C@H](C=O)C[C@@H](C#N)NC(=O)[C@@H]1[C@@H]2[C@H](CN1C(=O)[C@@H](NC(=O)C(F)(F)F)C(C)(C)C)[C@@]2(C)C(F)F,HLYGSFLCGSCGSHQMELANHDKQVHQ,-6.8
CC(C)(C(F)F)[C@H](NC(=O)C(F)(F)F)C(=O)N1C[C@H]2[C@@H]([C@H]1C=O)C2(C)C,HLYGSFLCGSCGSHQMELANHDKQVHQ,-6.8
CC[C@H](CN)C[C@@H](C#N)NC(=O)[C@@H]1[C@@H]2[C@H](CN1C(=O)[C@@H](NC(=O)C(F)(F)F)C(C)(C)C(F)F)C2(C)C,HLYGSFLCGSCGSHQMELANHDKQVHQ,-6.8
CC(C)(C(F)F)[C@H](NC(=O)C(F)(F)F)C(=O)N1C[C@H]2[C@@H]([C@H]1C=O)C2(C)C,HLYGSFLCGSCGSHQMELANHDKQVHQ,-6.8
CC[C@H](CN)C[C@@H](C#N)NC(=O)[C@@H]1[C@@H]2[C@H](CN1C(=O)[C@@H](NC(=O)C(F)(F)F)C(C)(C)C(F)F)C2(C)C,HLYGSFLCGSCGSHQMELANHDKQVHQ,-6.8
CC(C)(C(F)F)[C@H](NC(=O)C(F)(F)F)C(=O)N1C[C@H]2[C@@H]([C@H]1C=O)C2(C)C,HLYGSFLCGSCGSHQMELANHDKQVHQ,-6.8
CC[C@H](CN)C[C@@H](C#N)NC(=O)[C@@H]1[C@@H]2[C@H](CN1C(=O)[C@@H](NC(=O)C(F)(F)F)C(C)(C)C(F)F)C2(C)C,HLYGSFLCGSCGSHQMELANHDKQVHQ,-6.8
CC(C)(CCl)[C@H](NC(=O)C(F)(F)F)C(=O)N1C[C@H]2[C@@H]([C@H]1C(=O)c1ccccc1C#N)C2(C)C,HLYGSFLCGSCGSHQMELANHDKQVHQ,-6.8
CC(C)(CCl)[C@H](NC(=O)C(F)(F)F)C(=O)N1C[C@H]2[C@@H]([C@H]1C(N)=O)C2(C)C,HLYGSFLCGSCGSHQMELANHDKQVHQ,-6.8
CC[C@@H](C[C@@H](C#N)NC(=O)[C@@H]1[C@@H]2[C@H](CN1C(=O)[C@@H](NC(=O)C(F)(F)F)C(C)(C)CCl)C2(C)C)C(N)=O,HLYGSFLCGSCGSHQMELANHDKQVHQ,-6.8
CC(C)(CCl)[C@H](NC(=O)C(F)(F)F)C(=O)N1C[C@H]2[C@@H]([C@H]1C(=O)c1ccccc1C#N)C2(C)C,HLYGSFLCGSCGSHQMELANHDKQVHQ,-6.8
CC(C)(CCl)[C@H](NC(=O)C(F)(F)F)C(=O)N1C[C@H]2[C@@H]([C@H]1C(N)=O)C2(C)C,HLYGSFLCGSCGSHQMELANHDKQVHQ,-6.8
CC[C@@H](C[C@@H](C#N)NC(=O)[C@@H]1[C@@H]2[C@H](CN1C(=O)[C@@H](NC(=O)C(F)(F)F)C(C)(C)CCl)C2(C)C)C(N)=O,HLYGSFLCGSCGSHQMELANHDKQVHQ,-6.8
CC(C)(CCl)[C@H](NC(=O)C(F)(F)F)C(=O)N1C[C@H]2[C@@H]([C@H]1C(=O)c1ccccc1C#N)C2(C)C,HLYGSFLCGSCGSHQMELANHDKQVHQ,-6.8
CC(C)(CCl)[C@H](NC(=O)C(F)(F)F)C(=O)N1C[C@H]2[C@@H]([C@H]1C(N)=O)C2(C)C,HLYGSFLCGSCGSHQMELANHDKQVHQ,-6.8
CC[C@@H](C[C@@H](C#N)NC(=O)[C@@H]1[C@@H]2[C@H](CN1C(=O)[C@@H](NC(=O)C(F)(F)F)C(C)(C)CCl)C2(C)C)C(N)=O,HLYGSFLCGSCGSHQMELANHDKQVHQ,-6.8
CC(C)(C)[C@H](NC(=O)C(F)(F)F)C(=O)N1C[C@H]2[C@@H]([C@H]1C(N)=O)[C@]2(C)CF,HLYGSFLCGSCGSHQMELANHDKQVHQ,-6.8
CC(C)(CF)[C@H](NC(=O)C(F)(F)F)C(=O)N1C[C@H]2[C@@H]([C@H]1C(N)=O)C2(C)C,HLYGSFLCGSCGSHQMELANHDKQVHQ,-6.8
CC(C)(CF)[C@H](NC(=O)C(F)(F)F)C(=O)N1C[C@H]2[C@@H]([C@H]1C(N)=O)C2(C)C,HLYGSFLCGSCGSHQMELANHDKQVHQ,-6.8
CC(C)(CF)[C@H](NC(=O)C(F)(F)F)C(=O)N1C[C@H]2[C@@H]([C@H]1C(N)=O)C2(C)C,HLYGSFLCGSCGSHQMELANHDKQVHQ,-6.8
CC(C)(C)[C@H](NC(=O)C(F)(F)F)C(=S)N1C[C@H]2[C@@H]([C@H]1C(=O)N[C@@H](C[C@@H]1CCNC1=O)C(N)=S)C2(C)C,HLYGSFLCGSCGSHQMELANHDKQVHQ,-6.8
CC(C)(C)[C@H](NC(=O)C(F)(F)C#N)C(=O)N1C[C@H]2[C@@H]([C@H]1C(=O)N[C@@H](C[C@@H]1CCNC1=O)C(N)=S)C2(C)C,HLYGSFLCGSCGSHQMELANHDKQVHQ,-6.8
CC(C)(C)[C@H](NC(=O)C(F)(F)C#N)C(=O)N1C[C@H]2[C@@H]([C@H]1C(=O)N[C@@H](C[C@@H]1CCNC1=O)C(N)=S)C2(C)C,HLYGSFLCGSCGSHQMELANHDKQVHQ,-6.8
CC(C)(C)[C@H](NC(=O)C(F)(F)C#N)C(=O)N1C[C@H]2[C@@H]([C@H]1C(=O)N[C@@H](C[C@@H]1CCNC1=O)C(N)=S)C2(C)C,HLYGSFLCGSCGSHQMELANHDKQVHQ,-6.8
CC[C@@H](C[C@H](NC(=O)[C@@H]1[C@@H]2[C@H](CN1C(=O)[C@@H](NC(=O)C(F)(F)F)C(C)(C)C)C2(C)C)C(N)=S)C(=O)Nc1ccccc1,HLYGSFLCGSCGSHQMELANHDKQVHQ,-6.7
CC[C@H](C=O)C[C@@H](C#N)NC(=O)[C@@H]1[C@@H]2[C@H](CN1C(=O)[C@@H](NC(=S)C(F)(F)F)C(C)(C)C)C2(C)C,HLYGSFLCGSCGSHQMELANHDKQVHQ,-6.7
CC[C@H](C=O)C[C@@H](C#N)NNC(=O)[C@@H]1[C@@H]2[C@H](CN1C(=O)[C@@H](NC(=O)C(F)(F)F)C(C)(C)C)C2(C)C,HLYGSFLCGSCGSHQMELANHDKQVHQ,-6.7
CC[C@H](C=O)C[C@@H](C#N)NC(=O)[C@@H]1[C@@H]2[C@H](CN1C(=O)[C@@H](NC(=O)C(F)(F)[N+](=O)[O-])C(C)(C)C)C2(C)C,HLYGSFLCGSCGSHQMELANHDKQVHQ,-6.7
CC[C@H](C=O)C[C@@H](C#N)NC(=O)[C@@H]1[C@@H]2[C@H](CN1C(=O)[C@@H](NC(=O)C(F)(F)[N+](=O)[O-])C(C)(C)C)C2(C)C,HLYGSFLCGSCGSHQMELANHDKQVHQ,-6.7
CC[C@H](C=O)C[C@@H](C#N)NC(=O)[C@@H]1[C@@H]2[C@H](CN1C(=O)[C@@H](NC(=O)C(F)(F)[N+](=O)[O-])C(C)(C)C)C2(C)C,HLYGSFLCGSCGSHQMELANHDKQVHQ,-6.7
CC(C)(C)[C@H](NC(=O)C(F)(F)F)C(=O)NN1C[C@H]2[C@@H]([C@H]1C(N)=O)C2(C)C,HLYGSFLCGSCGSHQMELANHDKQVHQ,-6.7
CC(C)(C)[C@H](NC(=O)C(F)(F)C#N)C(=O)N1C[C@H]2[C@@H]([C@H]1C(N)=O)C2(C)C,HLYGSFLCGSCGSHQMELANHDKQVHQ,-6.7
CC(C)(C)[C@H](NC(=O)C(F)(F)C#N)C(=O)N1C[C@H]2[C@@H]([C@H]1C(N)=O)C2(C)C,HLYGSFLCGSCGSHQMELANHDKQVHQ,-6.7
CC(C)(C)[C@H](NC(=O)C(F)(F)C#N)C(=O)N1C[C@H]2[C@@H]([C@H]1C(N)=O)C2(C)C,HLYGSFLCGSCGSHQMELANHDKQVHQ,-6.7
COC(F)(F)C(=O)N[C@H](C(=O)N1C[C@H]2[C@@H]([C@H]1CN)C2(C)C)C(C)(C)C,HLYGSFLCGSCGSHQMELANHDKQVHQ,-6.7
COC(F)(F)C(=O)N[C@H](C(=O)N1C[C@H]2[C@@H]([C@H]1CN)C2(C)C)C(C)(C)C,HLYGSFLCGSCGSHQMELANHDKQVHQ,-6.7
COC(F)(F)C(=O)N[C@H](C(=O)N1C[C@H]2[C@@H]([C@H]1CN)C2(C)C)C(C)(C)C,HLYGSFLCGSCGSHQMELANHDKQVHQ,-6.7
CC[C@H](CN)C[C@@H](C#N)NC(=O)[C@@H]1[C@@H]2[C@H](CN1C(=O)[C@@H](NC(=O)C(F)(F)C#N)C(C)(C)C)C2(C)C,HLYGSFLCGSCGSHQMELANHDKQVHQ,-6.7
CC[C@H](CN)C[C@@H](C#N)NC(=O)[C@@H]1[C@@H]2[C@H](CN1C(=O)[C@@H](NC(=O)C(F)(F)C#N)C(C)(C)C)C2(C)C,HLYGSFLCGSCGSHQMELANHDKQVHQ,-6.7
CC[C@H](CN)C[C@@H](C#N)NC(=O)[C@@H]1[C@@H]2[C@H](CN1C(=O)[C@@H](NC(=O)C(F)(F)C#N)C(C)(C)C)C2(C)C,HLYGSFLCGSCGSHQMELANHDKQVHQ,-6.7
CC[C@H](CN)C[C@H](NC(=O)[C@@H]1[C@@H]2[C@H](CN1C(=O)[C@@H](NC(=O)C(F)(F)F)C(C)(C)C)C2(C)C)C(N)=S,HLYGSFLCGSCGSHQMELANHDKQVHQ,-6.7
CC[C@H](C=O)C[C@@H](C#N)NC(=O)[C@@H]1[C@@H]2[C@H](CN1C(=O)[C@@H](NC(=S)C(F)(F)F)C(C)(C)C)C2(C)C,HLYGSFLCGSCGSHQMELANHDKQVHQ,-6.7
CC(C)(C)[C@H](NC(=O)C(F)(F)F)C(=O)NN1C[C@H]2[C@@H]([C@H]1C(N)=O)C2(C)C,HLYGSFLCGSCGSHQMELANHDKQVHQ,-6.7
CC[C@H](C=O)C[C@@H](C#N)NNC(=O)[C@@H]1[C@@H]2[C@H](CN1C(=O)[C@@H](NC(=O)C(F)(F)F)C(C)(C)C)C2(C)C,HLYGSFLCGSCGSHQMELANHDKQVHQ,-6.7
CC(C)(C)[C@H](NC(=O)C(F)(F)F)C(=O)N1C[C@H]2[C@@H]([C@H]1C(=O)N[C@H](C#N)C[C@@H](CN)CCN)C2(C)C,HLYGSFLCGSCGSHQMELANHDKQVHQ,-6.7
CC(C)(C)[C@H](NC(=O)C(F)(F)C#N)C(=O)N1C[C@H]2[C@@H]([C@H]1C(N)=O)C2(C)C,HLYGSFLCGSCGSHQMELANHDKQVHQ,-6.7
CC[C@H](CN)C[C@@H](C#N)NC(=O)[C@@H]1[C@@H]2[C@H](CN1C(=O)[C@@H](NC(=O)C(F)(F)C#N)C(C)(C)C)C2(C)C,HLYGSFLCGSCGSHQMELANHDKQVHQ,-6.7
CC(C)(C)[C@H](NC(=O)C(F)(F)C#N)C(=O)N1C[C@H]2[C@@H]([C@H]1C(N)=O)C2(C)C,HLYGSFLCGSCGSHQMELANHDKQVHQ,-6.7
CC[C@H](CN)C[C@@H](C#N)NC(=O)[C@@H]1[C@@H]2[C@H](CN1C(=O)[C@@H](NC(=O)C(F)(F)C#N)C(C)(C)C)C2(C)C,HLYGSFLCGSCGSHQMELANHDKQVHQ,-6.7
CC(C)(C)[C@H](NC(=O)C(F)(F)C#N)C(=O)N1C[C@H]2[C@@H]([C@H]1C(N)=O)C2(C)C,HLYGSFLCGSCGSHQMELANHDKQVHQ,-6.7
CC[C@H](CN)C[C@@H](C#N)NC(=O)[C@@H]1[C@@H]2[C@H](CN1C(=O)[C@@H](NC(=O)C(F)(F)C#N)C(C)(C)C)C2(C)C,HLYGSFLCGSCGSHQMELANHDKQVHQ,-6.7
CC[C@H](C=O)C[C@@H](C#N)NC(=O)[C@@H]1[C@@H]2[C@H](CN1C(=O)[C@@H](NC(=O)C(F)(F)[N+](=O)[O-])C(C)(C)C)C2(C)C,HLYGSFLCGSCGSHQMELANHDKQVHQ,-6.7
CC[C@H](C=O)C[C@@H](C#N)NC(=O)[C@@H]1[C@@H]2[C@H](CN1C(=O)[C@@H](NC(=O)C(F)(F)[N+](=O)[O-])C(C)(C)C)C2(C)C,HLYGSFLCGSCGSHQMELANHDKQVHQ,-6.7
CC[C@H](C=O)C[C@@H](C#N)NC(=O)[C@@H]1[C@@H]2[C@H](CN1C(=O)[C@@H](NC(=O)C(F)(F)[N+](=O)[O-])C(C)(C)C)C2(C)C,HLYGSFLCGSCGSHQMELANHDKQVHQ,-6.7
COC(F)(F)C(=O)N[C@H](C(=O)N1C[C@H]2[C@@H]([C@H]1CN)C2(C)C)C(C)(C)C,HLYGSFLCGSCGSHQMELANHDKQVHQ,-6.7
COC(F)(F)C(=O)N[C@H](C(=O)N1C[C@H]2[C@@H]([C@H]1CN)C2(C)C)C(C)(C)C,HLYGSFLCGSCGSHQMELANHDKQVHQ,-6.7
COC(F)(F)C(=O)N[C@H](C(=O)N1C[C@H]2[C@@H]([C@H]1CN)C2(C)C)C(C)(C)C,HLYGSFLCGSCGSHQMELANHDKQVHQ,-6.7
CC[C@@H](C[C@@H](C#N)NC(=O)[C@@H]1[C@@H]2[C@H](CN1C(=O)[C@@H](NC(=O)C(F)(F)F)C(C)(C)C)[C@]2(C)C(F)F)C(=O)Nc1ccccc1,HLYGSFLCGSCGSHQMELANHDKQVHQ,-6.7
CC[C@H](C=O)C[C@@H](C#N)NC(=O)[C@@H]1[C@@H]2[C@H](CN1C(=O)[C@@H](NC(=O)C(F)(F)F)C(C)(C)C)[C@]2(C)C(F)F,HLYGSFLCGSCGSHQMELANHDKQVHQ,-6.7
CC[C@@H](C[C@@H](C#N)NC(=O)[C@@H]1[C@@H]2[C@H](CN1C(=O)[C@@H](NC(=O)C(F)(F)F)C(C)(C)C)[C@]2(C)C(F)F)C(N)=O,HLYGSFLCGSCGSHQMELANHDKQVHQ,-6.7
CC[C@@H](C[C@@H](C#N)NC(=O)[C@@H]1[C@@H]2[C@H](CN1C(=O)[C@@H](NC(=O)C(F)(F)F)C(C)(C)C)[C@]2(C)C(F)F)C(=O)Nc1ccccc1,HLYGSFLCGSCGSHQMELANHDKQVHQ,-6.7
CC[C@@H](C[C@@H](C#N)NC(=O)[C@@H]1[C@@H]2[C@H](CN1C(=O)[C@@H](NC(=O)C(F)(F)F)C(C)(C)C)[C@]2(C)C(F)F)C(N)=O,HLYGSFLCGSCGSHQMELANHDKQVHQ,-6.7
CC(C)(C(F)F)[C@H](NC(=O)C(F)(F)F)C(=O)N1C[C@H]2[C@@H]([C@H]1CN)C2(C)C,HLYGSFLCGSCGSHQMELANHDKQVHQ,-6.7
CC(C)(C(F)F)[C@H](NC(=O)C(F)(F)F)C(=O)N1C[C@H]2[C@@H]([C@H]1CN)C2(C)C,HLYGSFLCGSCGSHQMELANHDKQVHQ,-6.7
CC(C)(C(F)F)[C@H](NC(=O)C(F)(F)F)C(=O)N1C[C@H]2[C@@H]([C@H]1CN)C2(C)C,HLYGSFLCGSCGSHQMELANHDKQVHQ,-6.7
CC[C@@H](C[C@@H](C#N)NC(=O)[C@@H]1[C@@H]2[C@H](CN1C(=O)[C@@H](NC(=O)C(F)(F)F)C(C)(C)C)[C@]2(C)CCl)C(=O)Nc1ccccc1,HLYGSFLCGSCGSHQMELANHDKQVHQ,-6.7
CC(C)(C)[C@H](NC(=O)C(F)(F)F)C(=O)N1C[C@H]2[C@@H]([C@H]1C(N)=O)[C@]2(C)CCl,HLYGSFLCGSCGSHQMELANHDKQVHQ,-6.7
CC[C@H](CN)C[C@@H](C#N)NC(=O)[C@@H]1[C@@H]2[C@H](CN1C(=O)[C@@H](NC(=O)C(F)(F)F)C(C)(C)C)[C@]2(C)CCl,HLYGSFLCGSCGSHQMELANHDKQVHQ,-6.7
CC[C@@H](C[C@@H](C#N)NC(=O)[C@@H]1[C@@H]2[C@H](CN1C(=O)[C@@H](NC(=O)C(F)(F)F)C(C)(C)C)[C@]2(C)CCl)C(=O)Nc1ccccc1,HLYGSFLCGSCGSHQMELANHDKQVHQ,-6.7
CC(C)(C)[C@H](NC(=O)C(F)(F)F)C(=O)N1C[C@H]2[C@@H]([C@H]1C(N)=O)[C@]2(C)CCl,HLYGSFLCGSCGSHQMELANHDKQVHQ,-6.7
CC[C@H](CN)C[C@@H](C#N)NC(=O)[C@@H]1[C@@H]2[C@H](CN1C(=O)[C@@H](NC(=O)C(F)(F)F)C(C)(C)C)[C@]2(C)CCl,HLYGSFLCGSCGSHQMELANHDKQVHQ,-6.7
CC[C@@H](C[C@@H](C#N)NC(=O)[C@@H]1[C@@H]2[C@H](CN1C(=O)[C@@H](NC(=O)C(F)(F)F)C(C)(C)C)[C@@]2(C)CF)C(=O)Nc1ccccc1,HLYGSFLCGSCGSHQMELANHDKQVHQ,-6.7
CC[C@H](C=O)C[C@@H](C#N)NC(=O)[C@@H]1[C@@H]2[C@H](CN1C(=O)[C@@H](NC(=O)C(F)(F)F)C(C)(C)CF)C2(C)C,HLYGSFLCGSCGSHQMELANHDKQVHQ,-6.7
CC[C@H](C=O)C[C@@H](C#N)NC(=O)[C@@H]1[C@@H]2[C@H](CN1C(=O)[C@@H](NC(=O)C(F)(F)F)C(C)(C)CF)C2(C)C,HLYGSFLCGSCGSHQMELANHDKQVHQ,-6.7
CC[C@H](C=O)C[C@@H](C#N)NC(=O)[C@@H]1[C@@H]2[C@H](CN1C(=O)[C@@H](NC(=O)C(F)(F)F)C(C)(C)CF)C2(C)C,HLYGSFLCGSCGSHQMELANHDKQVHQ,-6.7
CC[C@@H](C[C@@H](C#N)NC(=O)[C@@H]1[C@@H]2[C@H](CN1C(=O)[C@@H](NC(=O)C(F)(F)F)C(C)(C)C)[C@]2(C)C(F)F)C(=O)Nc1ccccc1,HLYGSFLCGSCGSHQMELANHDKQVHQ,-6.7
CC[C@@H](C[C@@H](C#N)NC(=O)[C@@H]1[C@@H]2[C@H](CN1C(=O)[C@@H](NC(=O)C(F)(F)F)C(C)(C)C)[C@]2(C)C(F)F)C(=O)Nc1ccccc1,HLYGSFLCGSCGSHQMELANHDKQVHQ,-6.7
CC[C@H](C=O)C[C@@H](C#N)NC(=O)[C@@H]1[C@@H]2[C@H](CN1C(=O)[C@@H](NC(=O)C(F)(F)F)C(C)(C)C)[C@]2(C)C(F)F,HLYGSFLCGSCGSHQMELANHDKQVHQ,-6.7
CC[C@@H](C[C@@H](C#N)NC(=O)[C@@H]1[C@@H]2[C@H](CN1C(=O)[C@@H](NC(=O)C(F)(F)F)C(C)(C)C)[C@]2(C)C(F)F)C(N)=O,HLYGSFLCGSCGSHQMELANHDKQVHQ,-6.7
CC(C)(C(F)F)[C@H](NC(=O)C(F)(F)F)C(=O)N1C[C@H]2[C@@H]([C@H]1CN)C2(C)C,HLYGSFLCGSCGSHQMELANHDKQVHQ,-6.7
CC(C)(C(F)F)[C@H](NC(=O)C(F)(F)F)C(=O)N1C[C@H]2[C@@H]([C@H]1CN)C2(C)C,HLYGSFLCGSCGSHQMELANHDKQVHQ,-6.7
CC(C)(C(F)F)[C@H](NC(=O)C(F)(F)F)C(=O)N1C[C@H]2[C@@H]([C@H]1CN)C2(C)C,HLYGSFLCGSCGSHQMELANHDKQVHQ,-6.7
CC[C@H](CN)C[C@@H](C#N)NC(=O)[C@@H]1[C@@H]2[C@H](CN1C(=O)[C@@H](NC(=O)C(F)(F)F)C(C)(C)C)[C@]2(C)CCl,HLYGSFLCGSCGSHQMELANHDKQVHQ,-6.7
CC(C)(C)[C@H](NC(=O)C(F)(F)F)C(=O)N1C[C@H]2[C@@H]([C@H]1C(N)=O)[C@]2(C)CCl,HLYGSFLCGSCGSHQMELANHDKQVHQ,-6.7
CC[C@H](CN)C[C@@H](C#N)NC(=O)[C@@H]1[C@@H]2[C@H](CN1C(=O)[C@@H](NC(=O)C(F)(F)F)C(C)(C)C)[C@]2(C)CCl,HLYGSFLCGSCGSHQMELANHDKQVHQ,-6.7
CC(C)(C)[C@H](NC(=O)C(F)(F)F)C(=O)N1C[C@H]2[C@@H]([C@H]1C(N)=O)[C@@]2(C)CF,HLYGSFLCGSCGSHQMELANHDKQVHQ,-6.7
CC[C@@H](C[C@@H](C#N)NC(=O)[C@@H]1[C@@H]2[C@H](CN1C(=O)[C@@H](NC(=O)C(F)(F)F)C(C)(C)C)[C@@]2(C)CF)C(N)=O,HLYGSFLCGSCGSHQMELANHDKQVHQ,-6.7
CC[C@H](C=O)C[C@@H](C#N)NC(=O)[C@@H]1[C@@H]2[C@H](CN1C(=O)[C@@H](NC(=O)C(F)(F)F)C(C)(C)CF)C2(C)C,HLYGSFLCGSCGSHQMELANHDKQVHQ,-6.7
CC[C@H](C=O)C[C@@H](C#N)NC(=O)[C@@H]1[C@@H]2[C@H](CN1C(=O)[C@@H](NC(=O)C(F)(F)F)C(C)(C)CF)C2(C)C,HLYGSFLCGSCGSHQMELANHDKQVHQ,-6.7
CC[C@H](C=O)C[C@@H](C#N)NC(=O)[C@@H]1[C@@H]2[C@H](CN1C(=O)[C@@H](NC(=O)C(F)(F)F)C(C)(C)CF)C2(C)C,HLYGSFLCGSCGSHQMELANHDKQVHQ,-6.7
CC[C@@H](C[C@H](NC(=O)[C@@H]1[C@@H]2[C@H](CN1C(=O)[C@@H](NC(=O)C(F)(F)F)C(C)(C)C)C2(C)C)C(N)=S)C(=O)Nc1ccccc1,HLYGSFLCGSCGSHQMELANHDKQVHQ,-6.7
CC[C@H](CN)C[C@H](NC(=O)[C@@H]1[C@@H]2[C@H](CN1C(=O)[C@@H](NC(=O)C(F)(F)F)C(C)(C)C)C2(C)C)C(N)=S,HLYGSFLCGSCGSHQMELANHDKQVHQ,-6.7
CC[C@@H](C[C@@H](C#N)NC(=O)[C@@H]1[C@@H]2[C@H](CN1C(=S)[C@@H](NC(=O)C(F)(F)F)C(C)(C)C)C2(C)C)C(=O)Nc1ccccc1,HLYGSFLCGSCGSHQMELANHDKQVHQ,-6.6
CC[C@H](C=O)C[C@H](NC(=O)[C@@H]1[C@@H]2[C@H](CN1C(=O)[C@@H](NC(=O)C(F)(F)F)C(C)(C)C)C2(C)C)C(N)=S,HLYGSFLCGSCGSHQMELANHDKQVHQ,-6.6
CC(C)(C)[C@H](NC(=O)C(F)(F)F)C(=S)N1C[C@H]2[C@@H]([C@H]1C(N)=O)C2(C)C,HLYGSFLCGSCGSHQMELANHDKQVHQ,-6.6
CC[C@@H](C[C@@H](C#N)NC(=O)[C@@H]1[C@@H]2[C@H](CN1C(=O)[C@@H](NC(=O)C(F)(F)F)C(C)(C)C)C2(C)C)C(N)=S,HLYGSFLCGSCGSHQMELANHDKQVHQ,-6.6
CC[C@@H](C[C@H](NC(=O)[C@@H]1[C@@H]2[C@H](CN1C(=O)[C@@H](NC(=O)C(F)(F)F)C(C)(C)C)C2(C)C)C(N)=O)C(=O)NOC,HLYGSFLCGSCGSHQMELANHDKQVHQ,-6.6
CC[C@@H](C[C@@H](C#N)NC(=O)[C@@H]1[C@@H]2[C@H](CN1C(=S)[C@@H](NC(=O)C(F)(F)F)C(C)(C)C)C2(C)C)C(=O)Nc1ccccc1,HLYGSFLCGSCGSHQMELANHDKQVHQ,-6.6
CC(C)(C)[C@H](NC(=O)C(F)(F)F)C(=S)N1C[C@H]2[C@@H]([C@H]1C(N)=O)C2(C)C,HLYGSFLCGSCGSHQMELANHDKQVHQ,-6.6
CC(C)(C(F)F)[C@H](NC(=O)C(F)(F)F)C(=O)Nc1ccccc1,HLYGSFLCGSCGSHQMELANHDKQVHQ,-6.6
CC(C)(C(F)F)[C@H](NC(=O)C(F)(F)F)C(=O)Nc1ccccc1,HLYGSFLCGSCGSHQMELANHDKQVHQ,-6.6
CC(C)(C(F)F)[C@H](NC(=O)C(F)(F)F)C(=O)Nc1ccccc1,HLYGSFLCGSCGSHQMELANHDKQVHQ,-6.6
CC(C)(CCl)[C@H](NC(=O)C(F)(F)F)C(=O)N1C[C@H]2[C@@H]([C@H]1C=O)C2(C)C,HLYGSFLCGSCGSHQMELANHDKQVHQ,-6.6
CC[C@H](CN)C[C@@H](C#N)NC(=O)[C@@H]1[C@@H]2[C@H](CN1C(=O)[C@@H](NC(=O)C(F)(F)F)C(C)(C)CCl)C2(C)C,HLYGSFLCGSCGSHQMELANHDKQVHQ,-6.6
CC(C)(CCl)[C@H](NC(=O)C(F)(F)F)C(=O)N1C[C@H]2[C@@H]([C@H]1C=O)C2(C)C,HLYGSFLCGSCGSHQMELANHDKQVHQ,-6.6
CC[C@H](CN)C[C@@H](C#N)NC(=O)[C@@H]1[C@@H]2[C@H](CN1C(=O)[C@@H](NC(=O)C(F)(F)F)C(C)(C)CCl)C2(C)C,HLYGSFLCGSCGSHQMELANHDKQVHQ,-6.6
CC(C)(CCl)[C@H](NC(=O)C(F)(F)F)C(=O)N1C[C@H]2[C@@H]([C@H]1C=O)C2(C)C,HLYGSFLCGSCGSHQMELANHDKQVHQ,-6.6
CC[C@H](CN)C[C@@H](C#N)NC(=O)[C@@H]1[C@@H]2[C@H](CN1C(=O)[C@@H](NC(=O)C(F)(F)F)C(C)(C)CCl)C2(C)C,HLYGSFLCGSCGSHQMELANHDKQVHQ,-6.6
CC[C@H](C=O)C[C@@H](C#N)NC(=O)[C@@H]1[C@@H]2[C@H](CN1C(=O)[C@@H](NC(=O)C(F)(F)F)C(C)(C)C)[C@@]2(C)CF,HLYGSFLCGSCGSHQMELANHDKQVHQ,-6.6
CC[C@H](CN)C[C@@H](C#N)NC(=O)[C@@H]1[C@@H]2[C@H](CN1C(=O)[C@@H](NC(=O)C(F)(F)F)C(C)(C)C)[C@]2(C)CF,HLYGSFLCGSCGSHQMELANHDKQVHQ,-6.6
CC(C)(CF)[C@H](NC(=O)C(F)(F)F)C(=O)N1C[C@H]2[C@@H]([C@H]1C=O)C2(C)C,HLYGSFLCGSCGSHQMELANHDKQVHQ,-6.6
CC(C)(CF)[C@H](NC(=O)C(F)(F)F)C(=O)N1C[C@H]2[C@@H]([C@H]1C=O)C2(C)C,HLYGSFLCGSCGSHQMELANHDKQVHQ,-6.6
CC(C)(CF)[C@H](NC(=O)C(F)(F)F)C(=O)N1C[C@H]2[C@@H]([C@H]1C=O)C2(C)C,HLYGSFLCGSCGSHQMELANHDKQVHQ,-6.6
CC(C)(C(F)F)[C@H](NC(=O)C(F)(F)F)C(=O)Nc1ccccc1,HLYGSFLCGSCGSHQMELANHDKQVHQ,-6.6
CC(C)(C(F)F)[C@H](NC(=O)C(F)(F)F)C(=O)Nc1ccccc1,HLYGSFLCGSCGSHQMELANHDKQVHQ,-6.6
CC(C)(C(F)F)[C@H](NC(=O)C(F)(F)F)C(=O)Nc1ccccc1,HLYGSFLCGSCGSHQMELANHDKQVHQ,-6.6
CC(C)(CCl)[C@H](NC(=O)C(F)(F)F)C(=O)N1C[C@H]2[C@@H]([C@H]1C=O)C2(C)C,HLYGSFLCGSCGSHQMELANHDKQVHQ,-6.6
CC[C@H](CN)C[C@@H](C#N)NC(=O)[C@@H]1[C@@H]2[C@H](CN1C(=O)[C@@H](NC(=O)C(F)(F)F)C(C)(C)CCl)C2(C)C,HLYGSFLCGSCGSHQMELANHDKQVHQ,-6.6
CC(C)(CCl)[C@H](NC(=O)C(F)(F)F)C(=O)N1C[C@H]2[C@@H]([C@H]1C=O)C2(C)C,HLYGSFLCGSCGSHQMELANHDKQVHQ,-6.6
CC[C@H](CN)C[C@@H](C#N)NC(=O)[C@@H]1[C@@H]2[C@H](CN1C(=O)[C@@H](NC(=O)C(F)(F)F)C(C)(C)CCl)C2(C)C,HLYGSFLCGSCGSHQMELANHDKQVHQ,-6.6
CC(C)(CCl)[C@H](NC(=O)C(F)(F)F)C(=O)N1C[C@H]2[C@@H]([C@H]1C=O)C2(C)C,HLYGSFLCGSCGSHQMELANHDKQVHQ,-6.6
CC[C@H](CN)C[C@@H](C#N)NC(=O)[C@@H]1[C@@H]2[C@H](CN1C(=O)[C@@H](NC(=O)C(F)(F)F)C(C)(C)CCl)C2(C)C,HLYGSFLCGSCGSHQMELANHDKQVHQ,-6.6
CC[C@H](CN)C[C@@H](C#N)NC(=O)[C@@H]1[C@@H]2[C@H](CN1C(=O)[C@@H](NC(=O)C(F)(F)F)C(C)(C)C)[C@]2(C)CF,HLYGSFLCGSCGSHQMELANHDKQVHQ,-6.6
CC(C)(CF)[C@H](NC(=O)C(F)(F)F)C(=O)N1C[C@H]2[C@@H]([C@H]1C=O)C2(C)C,HLYGSFLCGSCGSHQMELANHDKQVHQ,-6.6
CC(C)(CF)[C@H](NC(=O)C(F)(F)F)C(=O)N1C[C@H]2[C@@H]([C@H]1C=O)C2(C)C,HLYGSFLCGSCGSHQMELANHDKQVHQ,-6.6
CC(C)(CF)[C@H](NC(=O)C(F)(F)F)C(=O)N1C[C@H]2[C@@H]([C@H]1C=O)C2(C)C,HLYGSFLCGSCGSHQMELANHDKQVHQ,-6.6
CC[C@H](C=O)C[C@H](NC(=O)[C@@H]1[C@@H]2[C@H](CN1C(=O)[C@@H](NC(=O)C(F)(F)F)C(C)(C)C)C2(C)C)C(N)=O,HLYGSFLCGSCGSHQMELANHDKQVHQ,-6.6
CC[C@@H](C[C@H](NC(=O)[C@@H]1[C@@H]2[C@H](CN1C(=O)[C@@H](NC(=O)C(F)(F)F)C(C)(C)C)C2(C)C)C(N)=O)C(=O)NOC,HLYGSFLCGSCGSHQMELANHDKQVHQ,-6.6
CC[C@H](C=O)C[C@H](NC(=O)[C@@H]1[C@@H]2[C@H](CN1C(=O)[C@@H](NC(=O)C(F)(F)F)C(C)(C)C)C2(C)C)C(N)=S,HLYGSFLCGSCGSHQMELANHDKQVHQ,-6.6
CC[C@@H](C[C@@H](C#N)NC(=O)[C@@H]1[C@@H]2[C@H](CN1C(=O)[C@@H](NC(=S)C(F)(F)F)C(C)(C)C)C2(C)C)C(=O)Nc1ccccc1,HLYGSFLCGSCGSHQMELANHDKQVHQ,-6.5
CC[C@@H](C[C@H](NC(=O)[C@@H]1[C@@H]2[C@H](CN1C(=O)[C@@H](NC(=O)C(F)(F)F)C(C)(C)C)C2(C)C)C(N)=S)C(=O)OC,HLYGSFLCGSCGSHQMELANHDKQVHQ,-6.5
CC(C)(C)[C@H](NC(=S)C(F)(F)F)C(=O)N1C[C@H]2[C@@H]([C@H]1C=O)C2(C)C,HLYGSFLCGSCGSHQMELANHDKQVHQ,-6.5
CC(C)(C)[C@H](NNC(=O)C(F)(F)F)C(=O)N1C[C@H]2[C@@H]([C@H]1C=O)C2(C)C,HLYGSFLCGSCGSHQMELANHDKQVHQ,-6.5
CC(C)(C)[C@H](NC(=O)C(F)(F)C#N)C(=O)N1C[C@H]2[C@@H]([C@H]1C=O)C2(C)C,HLYGSFLCGSCGSHQMELANHDKQVHQ,-6.5
CC(C)(C)[C@H](NC(=O)C(F)(F)C#N)C(=O)N1C[C@H]2[C@@H]([C@H]1C=O)C2(C)C,HLYGSFLCGSCGSHQMELANHDKQVHQ,-6.5
CC(C)(C)[C@H](NC(=O)C(F)(F)C#N)C(=O)N1C[C@H]2[C@@H]([C@H]1C=O)C2(C)C,HLYGSFLCGSCGSHQMELANHDKQVHQ,-6.5
CC(C)(C)[C@H](NC(=O)C(F)(F)[N+](=O)[O-])C(=O)N1C[C@H]2[C@@H]([C@H]1C=O)C2(C)C,HLYGSFLCGSCGSHQMELANHDKQVHQ,-6.5
CC(C)(C)[C@H](NC(=O)C(F)(F)[N+](=O)[O-])C(=O)N1C[C@H]2[C@@H]([C@H]1C=O)C2(C)C,HLYGSFLCGSCGSHQMELANHDKQVHQ,-6.5
CC(C)(C)[C@H](NC(=O)C(F)(F)[N+](=O)[O-])C(=O)N1C[C@H]2[C@@H]([C@H]1C=O)C2(C)C,HLYGSFLCGSCGSHQMELANHDKQVHQ,-6.5
CC[C@H](C=O)C[C@@H](C#N)NC(=O)[C@@H]1[C@@H]2[C@H](CN1C(=S)[C@@H](NC(=O)C(F)(F)F)C(C)(C)C)C2(C)C,HLYGSFLCGSCGSHQMELANHDKQVHQ,-6.5
CC[C@H](C=O)C[C@@H](C#N)NC(=O)[C@@H]1[C@@H]2[C@H](CN1C(=O)[C@@H](NC(=O)C(F)(F)OC)C(C)(C)C)C2(C)C,HLYGSFLCGSCGSHQMELANHDKQVHQ,-6.5
CC[C@H](C=O)C[C@@H](C#N)NC(=O)[C@@H]1[C@@H]2[C@H](CN1C(=O)[C@@H](NC(=O)C(F)(F)OC)C(C)(C)C)C2(C)C,HLYGSFLCGSCGSHQMELANHDKQVHQ,-6.5
CC[C@H](C=O)C[C@@H](C#N)NC(=O)[C@@H]1[C@@H]2[C@H](CN1C(=O)[C@@H](NC(=O)C(F)(F)OC)C(C)(C)C)C2(C)C,HLYGSFLCGSCGSHQMELANHDKQVHQ,-6.5
CC(C)(C)[C@H](NC(=S)C(F)(F)F)C(=O)N1C[C@H]2[C@@H]([C@H]1C(N)=O)C2(C)C,HLYGSFLCGSCGSHQMELANHDKQVHQ,-6.5
CC[C@H](C=O)C[C@@H](C#N)NC(=O)[C@@H]1[C@@H]2[C@H](CN1C(=S)[C@@H](NC(=O)C(F)(F)F)C(C)(C)C)C2(C)C,HLYGSFLCGSCGSHQMELANHDKQVHQ,-6.5
CC[C@@H](C[C@@H](C#N)NC(=O)[C@@H]1[C@@H]2[C@H](CN1C(=O)[C@@H](NC(=S)C(F)(F)F)C(C)(C)C)C2(C)C)C(=O)Nc1ccccc1,HLYGSFLCGSCGSHQMELANHDKQVHQ,-6.5
CC(C)(C)[C@H](NC(=S)C(F)(F)F)C(=O)N1C[C@H]2[C@@H]([C@H]1C=O)C2(C)C,HLYGSFLCGSCGSHQMELANHDKQVHQ,-6.5
CC(C)(C)[C@H](NC(=S)C(F)(F)F)C(=O)N1C[C@H]2[C@@H]([C@H]1C(N)=O)C2(C)C,HLYGSFLCGSCGSHQMELANHDKQVHQ,-6.5
CC(C)(C)[C@H](NNC(=O)C(F)(F)F)C(=O)N1C[C@H]2[C@@H]([C@H]1C=O)C2(C)C,HLYGSFLCGSCGSHQMELANHDKQVHQ,-6.5
CC(C)(C)[C@H](NC(=O)C(F)(F)C#N)C(=O)N1C[C@H]2[C@@H]([C@H]1C=O)C2(C)C,HLYGSFLCGSCGSHQMELANHDKQVHQ,-6.5
CC(C)(C)[C@H](NC(=O)C(F)(F)C#N)C(=O)N1C[C@H]2[C@@H]([C@H]1C=O)C2(C)C,HLYGSFLCGSCGSHQMELANHDKQVHQ,-6.5
CC(C)(C)[C@H](NC(=O)C(F)(F)C#N)C(=O)N1C[C@H]2[C@@H]([C@H]1C=O)C2(C)C,HLYGSFLCGSCGSHQMELANHDKQVHQ,-6.5
CC(C)(C)[C@H](NC(=O)C(F)(F)[N+](=O)[O-])C(=O)N1C[C@H]2[C@@H]([C@H]1C=O)C2(C)C,HLYGSFLCGSCGSHQMELANHDKQVHQ,-6.5
CC(C)(C)[C@H](NC(=O)C(F)(F)[N+](=O)[O-])C(=O)N1C[C@H]2[C@@H]([C@H]1C=O)C2(C)C,HLYGSFLCGSCGSHQMELANHDKQVHQ,-6.5
CC(C)(C)[C@H](NC(=O)C(F)(F)[N+](=O)[O-])C(=O)N1C[C@H]2[C@@H]([C@H]1C=O)C2(C)C,HLYGSFLCGSCGSHQMELANHDKQVHQ,-6.5
CC[C@H](C=O)C[C@@H](C#N)NC(=O)[C@@H]1[C@@H]2[C@H](CN1C(=O)[C@@H](NC(=O)C(F)(F)OC)C(C)(C)C)C2(C)C,HLYGSFLCGSCGSHQMELANHDKQVHQ,-6.5
CC[C@H](C=O)C[C@@H](C#N)NC(=O)[C@@H]1[C@@H]2[C@H](CN1C(=O)[C@@H](NC(=O)C(F)(F)OC)C(C)(C)C)C2(C)C,HLYGSFLCGSCGSHQMELANHDKQVHQ,-6.5
CC[C@H](C=O)C[C@@H](C#N)NC(=O)[C@@H]1[C@@H]2[C@H](CN1C(=O)[C@@H](NC(=O)C(F)(F)OC)C(C)(C)C)C2(C)C,HLYGSFLCGSCGSHQMELANHDKQVHQ,-6.5
CC(C)(CCl)[C@H](NC(=O)C(F)(F)F)C(=O)N1C[C@H]2[C@@H]([C@H]1CN)C2(C)C,HLYGSFLCGSCGSHQMELANHDKQVHQ,-6.5
CC(C)(CCl)[C@H](NC(=O)C(F)(F)F)C(=O)N1C[C@H]2[C@@H]([C@H]1CN)C2(C)C,HLYGSFLCGSCGSHQMELANHDKQVHQ,-6.5
CC(C)(CCl)[C@H](NC(=O)C(F)(F)F)C(=O)N1C[C@H]2[C@@H]([C@H]1CN)C2(C)C,HLYGSFLCGSCGSHQMELANHDKQVHQ,-6.5
CC[C@H](CN)C[C@@H](C#N)NC(=O)[C@@H]1[C@@H]2[C@H](CN1C(=O)[C@@H](NC(=O)C(F)(F)F)C(C)(C)C)[C@]2(C)C(F)F,HLYGSFLCGSCGSHQMELANHDKQVHQ,-6.5
CC(C)(CCl)[C@H](NC(=O)C(F)(F)F)C(=O)N1C[C@H]2[C@@H]([C@H]1CN)C2(C)C,HLYGSFLCGSCGSHQMELANHDKQVHQ,-6.5
CC(C)(CCl)[C@H](NC(=O)C(F)(F)F)C(=O)N1C[C@H]2[C@@H]([C@H]1CN)C2(C)C,HLYGSFLCGSCGSHQMELANHDKQVHQ,-6.5
CC(C)(CCl)[C@H](NC(=O)C(F)(F)F)C(=O)N1C[C@H]2[C@@H]([C@H]1CN)C2(C)C,HLYGSFLCGSCGSHQMELANHDKQVHQ,-6.5
CC(C)(C)[C@H](NC(=O)C(F)(F)F)C(=O)N1C[C@H]2[C@@H]([C@H]1C=O)[C@]2(C)CF,HLYGSFLCGSCGSHQMELANHDKQVHQ,-6.5
CC(C)(C)[C@H](NC(=O)C(F)(F)F)C(=O)N1C[C@H]2[C@@H]([C@H]1C=O)[C@]2(C)CF,HLYGSFLCGSCGSHQMELANHDKQVHQ,-6.5
CC[C@@H](C[C@H](NC(=O)[C@@H]1[C@@H]2[C@H](CN1C(=O)[C@@H](NC(=O)C(F)(F)F)C(C)(C)C)C2(C)C)C(N)=S)C(=O)OC,HLYGSFLCGSCGSHQMELANHDKQVHQ,-6.5
CC[C@@H](C[C@@H](C#N)NC(=O)[C@@H]1[C@@H]2[C@H](CN1C(=O)[C@@H](NC(=O)C(F)(F)F)C(C)(C)C)C2(C)C)C(=O)Nc1ccccc1,HLYGSFLCGSCGSHQMELANHDKQVHQ,-6.4
CC(C)(C)[C@H](NC(=O)C(F)(F)F)C(=O)NN1C[C@H]2[C@@H]([C@H]1C=O)C2(C)C,HLYGSFLCGSCGSHQMELANHDKQVHQ,-6.4
CC[C@@H](C[C@@H](C#N)NC(=O)[C@@H]1[C@@H]2[C@H](CN1C(=O)[C@@H](NC(=O)C(F)(F)F)C(C)(C)C)C2(C)C)C(=O)Nc1ccccc1,HLYGSFLCGSCGSHQMELANHDKQVHQ,-6.4
CC[C@@H](C[C@@H](C#N)NC(=O)[C@@H]1[C@@H]2[C@H](CN1C(=O)[C@@H](NC(=O)C(F)(F)F)C(C)(C)C)C2(C)C)C(=O)Nc1ccccc1,HLYGSFLCGSCGSHQMELANHDKQVHQ,-6.4
CC[C@@H](C[C@@H](C#N)NC(=O)[C@@H]1[C@@H]2[C@H](CN1C(=O)[C@@H](NC(=O)C(F)(F)F)C(C)(C)C)C2(C)C)C(=O)Nc1ccccc1,HLYGSFLCGSCGSHQMELANHDKQVHQ,-6.4
CC[C@H](CN)C[C@@H](C#N)NC(=O)[C@@H]1[C@@H]2[C@H](CN1C(=S)[C@@H](NC(=O)C(F)(F)F)C(C)(C)C)C2(C)C,HLYGSFLCGSCGSHQMELANHDKQVHQ,-6.4
CC[C@H](CN)C[C@@H](C#N)NC(=O)[C@@H]1[C@@H]2[C@H](CN1C(=O)[C@@H](NC(=O)C(F)(F)[N+](=O)[O-])C(C)(C)C)C2(C)C,HLYGSFLCGSCGSHQMELANHDKQVHQ,-6.4
CC[C@H](CN)C[C@@H](C#N)NC(=O)[C@@H]1[C@@H]2[C@H](CN1C(=O)[C@@H](NC(=O)C(F)(F)[N+](=O)[O-])C(C)(C)C)C2(C)C,HLYGSFLCGSCGSHQMELANHDKQVHQ,-6.4
CC[C@H](CN)C[C@@H](C#N)NC(=O)[C@@H]1[C@@H]2[C@H](CN1C(=O)[C@@H](NC(=O)C(F)(F)[N+](=O)[O-])C(C)(C)C)C2(C)C,HLYGSFLCGSCGSHQMELANHDKQVHQ,-6.4
CC[C@@H](C[C@@H](C#N)NC(=O)[C@@H]1[C@@H]2[C@H](CN1C(=O)[C@@H](NC(=O)C(F)(F)F)C(C)(C)C)C2(C)C)C(=O)Nc1ccccc1,HLYGSFLCGSCGSHQMELANHDKQVHQ,-6.4
CC[C@@H](C[C@@H](C#N)NC(=O)[C@@H]1[C@@H]2[C@H](CN1C(=O)[C@@H](NC(=O)C(F)(F)F)C(C)(C)C)C2(C)C)C(=O)Nc1ccccc1,HLYGSFLCGSCGSHQMELANHDKQVHQ,-6.4
CC[C@H](CN)C[C@@H](C#N)NC(=O)[C@@H]1[C@@H]2[C@H](CN1C(=S)[C@@H](NC(=O)C(F)(F)F)C(C)(C)C)C2(C)C,HLYGSFLCGSCGSHQMELANHDKQVHQ,-6.4
CC(C)(C)[C@H](NC(=O)C(F)(F)F)C(=O)NN1C[C@H]2[C@@H]([C@H]1C=O)C2(C)C,HLYGSFLCGSCGSHQMELANHDKQVHQ,-6.4
CC[C@H](CN)C[C@@H](C#N)NC(=O)[C@@H]1[C@@H]2[C@H](CN1C(=O)[C@@H](NC(=O)C(F)(F)[N+](=O)[O-])C(C)(C)C)C2(C)C,HLYGSFLCGSCGSHQMELANHDKQVHQ,-6.4
CC[C@H](CN)C[C@@H](C#N)NC(=O)[C@@H]1[C@@H]2[C@H](CN1C(=O)[C@@H](NC(=O)C(F)(F)[N+](=O)[O-])C(C)(C)C)C2(C)C,HLYGSFLCGSCGSHQMELANHDKQVHQ,-6.4
CC[C@H](CN)C[C@@H](C#N)NC(=O)[C@@H]1[C@@H]2[C@H](CN1C(=O)[C@@H](NC(=O)C(F)(F)[N+](=O)[O-])C(C)(C)C)C2(C)C,HLYGSFLCGSCGSHQMELANHDKQVHQ,-6.4
CC(C)(C)[C@H](NC(=O)C(F)(F)F)C(=O)N1C[C@H]2[C@@H]([C@H]1CN)[C@]2(C)C(F)F,HLYGSFLCGSCGSHQMELANHDKQVHQ,-6.4
CC(C)(C)[C@H](NC(=O)C(F)(F)F)C(=O)N1C[C@H]2[C@@H]([C@H]1C=O)[C@]2(C)CCl,HLYGSFLCGSCGSHQMELANHDKQVHQ,-6.4
CC(C)(CF)[C@H](NC(=O)C(F)(F)F)C(=O)N1C[C@H]2[C@@H]([C@H]1CN)C2(C)C,HLYGSFLCGSCGSHQMELANHDKQVHQ,-6.4
CC(C)(CF)[C@H](NC(=O)C(F)(F)F)C(=O)N1C[C@H]2[C@@H]([C@H]1CN)C2(C)C,HLYGSFLCGSCGSHQMELANHDKQVHQ,-6.4
CC(C)(CF)[C@H](NC(=O)C(F)(F)F)C(=O)N1C[C@H]2[C@@H]([C@H]1CN)C2(C)C,HLYGSFLCGSCGSHQMELANHDKQVHQ,-6.4
CC(C)(C)[C@H](NC(=O)C(F)(F)F)C(=O)N1C[C@H]2[C@@H]([C@H]1CN)[C@]2(C)C(F)F,HLYGSFLCGSCGSHQMELANHDKQVHQ,-6.4
CC(C)(CF)[C@H](NC(=O)C(F)(F)F)C(=O)N1C[C@H]2[C@@H]([C@H]1CN)C2(C)C,HLYGSFLCGSCGSHQMELANHDKQVHQ,-6.4
CC(C)(CF)[C@H](NC(=O)C(F)(F)F)C(=O)N1C[C@H]2[C@@H]([C@H]1CN)C2(C)C,HLYGSFLCGSCGSHQMELANHDKQVHQ,-6.4
CC(C)(CF)[C@H](NC(=O)C(F)(F)F)C(=O)N1C[C@H]2[C@@H]([C@H]1CN)C2(C)C,HLYGSFLCGSCGSHQMELANHDKQVHQ,-6.4
CC(C)(C)[C@H](NC(=O)C(F)(F)F)C(=O)Nc1ccccc1,HLYGSFLCGSCGSHQMELANHDKQVHQ,-6.3
CC(C)(C)[C@H](NC(=O)C(F)(F)F)C(=O)Nc1ccccc1,HLYGSFLCGSCGSHQMELANHDKQVHQ,-6.3
CC(C)(C)[C@H](NC(=O)C(F)(F)F)C(=O)Nc1ccccc1,HLYGSFLCGSCGSHQMELANHDKQVHQ,-6.3
CC(C)(C)[C@H](NC(=O)C(F)(F)C#N)C(=O)Nc1ccccc1,HLYGSFLCGSCGSHQMELANHDKQVHQ,-6.3
CC(C)(C)[C@H](NC(=O)C(F)(F)C#N)C(=O)Nc1ccccc1,HLYGSFLCGSCGSHQMELANHDKQVHQ,-6.3
CC(C)(C)[C@H](NC(=O)C(F)(F)C#N)C(=O)Nc1ccccc1,HLYGSFLCGSCGSHQMELANHDKQVHQ,-6.3
COC(F)(F)C(=O)N[C@H](C(=O)Nc1ccccc1)C(C)(C)C,HLYGSFLCGSCGSHQMELANHDKQVHQ,-6.3
COC(F)(F)C(=O)N[C@H](C(=O)Nc1ccccc1)C(C)(C)C,HLYGSFLCGSCGSHQMELANHDKQVHQ,-6.3
COC(F)(F)C(=O)N[C@H](C(=O)Nc1ccccc1)C(C)(C)C,HLYGSFLCGSCGSHQMELANHDKQVHQ,-6.3
CC(C)(C)[C@H](NC(=O)C(F)(F)F)C(=O)Nc1ccccc1,HLYGSFLCGSCGSHQMELANHDKQVHQ,-6.3
CC(C)(C)[C@H](NC(=O)C(F)(F)F)C(=O)Nc1ccccc1,HLYGSFLCGSCGSHQMELANHDKQVHQ,-6.3
CC(C)(C)[C@H](NC(=O)C(F)(F)F)C(=O)Nc1ccccc1,HLYGSFLCGSCGSHQMELANHDKQVHQ,-6.3
CC(C)(C)[C@H](NC(=O)C(F)(F)F)C(=O)Nc1ccccc1,HLYGSFLCGSCGSHQMELANHDKQVHQ,-6.3
CC(C)(C)[C@H](NC(=O)C(F)(F)F)C(=O)Nc1ccccc1,HLYGSFLCGSCGSHQMELANHDKQVHQ,-6.3
CC(C)(C)[C@H](NC(=O)C(F)(F)F)C(=S)N1C[C@H]2[C@@H]([C@H]1C=O)C2(C)C,HLYGSFLCGSCGSHQMELANHDKQVHQ,-6.3
CC(C)(C)[C@H](NC(=O)C(F)(F)F)C(=O)Nc1ccccc1,HLYGSFLCGSCGSHQMELANHDKQVHQ,-6.3
CC(C)(C)[C@H](NC(=O)C(F)(F)F)C(=O)Nc1ccccc1,HLYGSFLCGSCGSHQMELANHDKQVHQ,-6.3
CC(C)(C)[C@H](NC(=O)C(F)(F)F)C(=O)Nc1ccccc1,HLYGSFLCGSCGSHQMELANHDKQVHQ,-6.3
CC(C)(C)[C@H](NC(=O)C(F)(F)F)C(=O)Nc1ccccc1,HLYGSFLCGSCGSHQMELANHDKQVHQ,-6.3
CC(C)(C)[C@H](NC(=O)C(F)(F)F)C(=O)Nc1ccccc1,HLYGSFLCGSCGSHQMELANHDKQVHQ,-6.3
CC(C)(C)[C@H](NC(=O)C(F)(F)F)C(=O)Nc1ccccc1,HLYGSFLCGSCGSHQMELANHDKQVHQ,-6.3
CC(C)(C)[C@H](NC(=O)C(F)(F)F)C(=O)Nc1ccccc1,HLYGSFLCGSCGSHQMELANHDKQVHQ,-6.3
CC(C)(C)[C@H](NC(=O)C(F)(F)F)C(=O)Nc1ccccc1,HLYGSFLCGSCGSHQMELANHDKQVHQ,-6.3
CC(C)(C)[C@H](NC(=O)C(F)(F)F)C(=O)Nc1ccccc1,HLYGSFLCGSCGSHQMELANHDKQVHQ,-6.3
CC(C)(C)[C@H](NC(=O)C(F)(F)F)C(=O)Nc1ccccc1,HLYGSFLCGSCGSHQMELANHDKQVHQ,-6.3
CC(C)(C)[C@H](NC(=O)C(F)(F)F)C(=O)Nc1ccccc1,HLYGSFLCGSCGSHQMELANHDKQVHQ,-6.3
CC(C)(C)[C@H](NC(=O)C(F)(F)F)C(=O)Nc1ccccc1,HLYGSFLCGSCGSHQMELANHDKQVHQ,-6.3
CC(C)(C)[C@H](NC(=O)C(F)(F)F)C(=O)Nc1ccccc1,HLYGSFLCGSCGSHQMELANHDKQVHQ,-6.3
CC(C)(C)[C@H](NC(=O)C(F)(F)F)C(=S)N1C[C@H]2[C@@H]([C@H]1CN)C2(C)C,HLYGSFLCGSCGSHQMELANHDKQVHQ,-6.3
CC(C)(C)[C@H](NC(=O)C(F)(F)C#N)C(=O)N1C[C@H]2[C@@H]([C@H]1CN)C2(C)C,HLYGSFLCGSCGSHQMELANHDKQVHQ,-6.3
CC(C)(C)[C@H](NC(=O)C(F)(F)C#N)C(=O)N1C[C@H]2[C@@H]([C@H]1CN)C2(C)C,HLYGSFLCGSCGSHQMELANHDKQVHQ,-6.3
CC(C)(C)[C@H](NC(=O)C(F)(F)C#N)C(=O)N1C[C@H]2[C@@H]([C@H]1CN)C2(C)C,HLYGSFLCGSCGSHQMELANHDKQVHQ,-6.3
CC(C)(C)[C@H](NC(=O)C(F)(F)F)C(=O)Nc1ccccc1,HLYGSFLCGSCGSHQMELANHDKQVHQ,-6.3
CC(C)(C)[C@H](NC(=O)C(F)(F)F)C(=O)Nc1ccccc1,HLYGSFLCGSCGSHQMELANHDKQVHQ,-6.3
CC(C)(C)[C@H](NC(=O)C(F)(F)F)C(=O)Nc1ccccc1,HLYGSFLCGSCGSHQMELANHDKQVHQ,-6.3
CC(C)(C)[C@H](NC(=O)C(F)(F)F)C(=O)Nc1ccccc1,HLYGSFLCGSCGSHQMELANHDKQVHQ,-6.3
CC(C)(C)[C@H](NC(=O)C(F)(F)F)C(=O)Nc1ccccc1,HLYGSFLCGSCGSHQMELANHDKQVHQ,-6.3
CC(C)(C)[C@H](NC(=O)C(F)(F)F)C(=O)Nc1ccccc1,HLYGSFLCGSCGSHQMELANHDKQVHQ,-6.3
CC(C)(C)[C@H](NC(=O)C(F)(F)F)C(=O)Nc1ccccc1,HLYGSFLCGSCGSHQMELANHDKQVHQ,-6.3
CC(C)(C)[C@H](NC(=O)C(F)(F)F)C(=S)N1C[C@H]2[C@@H]([C@H]1C=O)C2(C)C,HLYGSFLCGSCGSHQMELANHDKQVHQ,-6.3
CC(C)(C)[C@H](NC(=O)C(F)(F)F)C(=S)N1C[C@H]2[C@@H]([C@H]1CN)C2(C)C,HLYGSFLCGSCGSHQMELANHDKQVHQ,-6.3
CC(C)(C)[C@H](NC(=O)C(F)(F)F)C(=O)Nc1ccccc1,HLYGSFLCGSCGSHQMELANHDKQVHQ,-6.3
CC(C)(C)[C@H](NC(=O)C(F)(F)F)C(=O)Nc1ccccc1,HLYGSFLCGSCGSHQMELANHDKQVHQ,-6.3
CC(C)(C)[C@H](NC(=O)C(F)(F)F)C(=O)Nc1ccccc1,HLYGSFLCGSCGSHQMELANHDKQVHQ,-6.3
CC(C)(C)[C@H](NC(=O)C(F)(F)F)C(=O)Nc1ccccc1,HLYGSFLCGSCGSHQMELANHDKQVHQ,-6.3
CC(C)(C)[C@H](NC(=O)C(F)(F)F)C(=O)N1C[C@H]2[C@@H]([C@H]1C(=O)N[C@H](C#N)C[C@H](CCN)C(=O)Nc1ccccc1)C2(C)C,HLYGSFLCGSCGSHQMELANHDKQVHQ,-6.3
CC(C)(C)[C@H](NC(=O)C(F)(F)F)C(=O)Nc1ccccc1,HLYGSFLCGSCGSHQMELANHDKQVHQ,-6.3
COC(=O)[C@@H](CCN)C[C@@H](C#N)NC(=O)[C@@H]1[C@@H]2[C@H](CN1C(=O)[C@@H](NC(=O)C(F)(F)F)C(C)(C)C)C2(C)C,HLYGSFLCGSCGSHQMELANHDKQVHQ,-6.3
CC(C)(C)[C@H](NC(=O)C(F)(F)C#N)C(=O)Nc1ccccc1,HLYGSFLCGSCGSHQMELANHDKQVHQ,-6.3
CC(C)(C)[C@H](NC(=O)C(F)(F)C#N)C(=O)N1C[C@H]2[C@@H]([C@H]1CN)C2(C)C,HLYGSFLCGSCGSHQMELANHDKQVHQ,-6.3
CC(C)(C)[C@H](NC(=O)C(F)(F)C#N)C(=O)Nc1ccccc1,HLYGSFLCGSCGSHQMELANHDKQVHQ,-6.3
CC(C)(C)[C@H](NC(=O)C(F)(F)C#N)C(=O)N1C[C@H]2[C@@H]([C@H]1CN)C2(C)C,HLYGSFLCGSCGSHQMELANHDKQVHQ,-6.3
CC(C)(C)[C@H](NC(=O)C(F)(F)C#N)C(=O)Nc1ccccc1,HLYGSFLCGSCGSHQMELANHDKQVHQ,-6.3
CC(C)(C)[C@H](NC(=O)C(F)(F)C#N)C(=O)N1C[C@H]2[C@@H]([C@H]1CN)C2(C)C,HLYGSFLCGSCGSHQMELANHDKQVHQ,-6.3
COC(F)(F)C(=O)N[C@H](C(=O)Nc1ccccc1)C(C)(C)C,HLYGSFLCGSCGSHQMELANHDKQVHQ,-6.3
COC(F)(F)C(=O)N[C@H](C(=O)Nc1ccccc1)C(C)(C)C,HLYGSFLCGSCGSHQMELANHDKQVHQ,-6.3
COC(F)(F)C(=O)N[C@H](C(=O)Nc1ccccc1)C(C)(C)C,HLYGSFLCGSCGSHQMELANHDKQVHQ,-6.3
CC(C)(C)[C@H](NC(=O)C(F)(F)F)C(=O)Nc1ccccc1,HLYGSFLCGSCGSHQMELANHDKQVHQ,-6.3
CC(C)(C)[C@H](NC(=O)C(F)(F)F)C(=O)N1C[C@H]2[C@@H]([C@H]1C=O)[C@@]2(C)C(F)F,HLYGSFLCGSCGSHQMELANHDKQVHQ,-6.3
CC(C)(C)[C@H](NC(=O)C(F)(F)F)C(=O)Nc1ccccc1,HLYGSFLCGSCGSHQMELANHDKQVHQ,-6.3
CC(C)(C)[C@H](NC(=O)C(F)(F)F)C(=O)N1C[C@H]2[C@@H]([C@H]1CN)[C@@]2(C)C(F)F,HLYGSFLCGSCGSHQMELANHDKQVHQ,-6.3
CC(C)(C)[C@H](NC(=O)C(F)(F)F)C(=O)Nc1ccccc1,HLYGSFLCGSCGSHQMELANHDKQVHQ,-6.3
CC(C)(C)[C@H](NC(=O)C(F)(F)F)C(=O)Nc1ccccc1,HLYGSFLCGSCGSHQMELANHDKQVHQ,-6.3
CC(C)(C)[C@H](NC(=O)C(F)(F)F)C(=O)Nc1ccccc1,HLYGSFLCGSCGSHQMELANHDKQVHQ,-6.3
CC(C)(C)[C@H](NC(=O)C(F)(F)F)C(=O)N1C[C@H]2[C@@H]([C@H]1C=O)[C@@]2(C)CF,HLYGSFLCGSCGSHQMELANHDKQVHQ,-6.3
CC(C)(C)[C@H](NC(=O)C(F)(F)F)C(=O)Nc1ccccc1,HLYGSFLCGSCGSHQMELANHDKQVHQ,-6.3
CC(C)(C)[C@H](NC(=O)C(F)(F)F)C(=O)N1C[C@H]2[C@@H]([C@H]1C=O)[C@@]2(C)CF,HLYGSFLCGSCGSHQMELANHDKQVHQ,-6.3
CC[C@H](C=O)C[C@@H](C#N)NC(=O)[C@@H]1[C@@H]2[C@H](CN1C(=O)[C@@H](NC(=O)C(F)(F)F)C(C)(C)C)[C@]2(C)CF,HLYGSFLCGSCGSHQMELANHDKQVHQ,-6.3
CC(C)(C)[C@H](NC(=O)C(F)(F)F)C(=O)Nc1ccccc1,HLYGSFLCGSCGSHQMELANHDKQVHQ,-6.3
CC(C)(C)[C@H](NC(=O)C(F)(F)F)C(=O)N1C[C@H]2[C@@H]([C@H]1C=O)[C@@]2(C)C(F)F,HLYGSFLCGSCGSHQMELANHDKQVHQ,-6.3
CC(C)(C)[C@H](NC(=O)C(F)(F)F)C(=O)N1C[C@H]2[C@@H]([C@H]1CN)[C@@]2(C)C(F)F,HLYGSFLCGSCGSHQMELANHDKQVHQ,-6.3
CC(C)(C)[C@H](NC(=O)C(F)(F)F)C(=O)Nc1ccccc1,HLYGSFLCGSCGSHQMELANHDKQVHQ,-6.3
CC(C)(C)[C@H](NC(=O)C(F)(F)F)C(=O)Nc1ccccc1,HLYGSFLCGSCGSHQMELANHDKQVHQ,-6.3
CC(C)(C)[C@H](NC(=O)C(F)(F)F)C(=O)Nc1ccccc1,HLYGSFLCGSCGSHQMELANHDKQVHQ,-6.3
CC(C)(C)[C@H](NC(=O)C(F)(F)F)C(=O)Nc1ccccc1,HLYGSFLCGSCGSHQMELANHDKQVHQ,-6.3
CC[C@H](C=O)C[C@@H](C#N)NC(=O)[C@@H]1[C@@H]2[C@H](CN1C(=O)[C@@H](NC(=O)C(F)(F)F)C(C)(C)C)[C@]2(C)CF,HLYGSFLCGSCGSHQMELANHDKQVHQ,-6.3
CC(C)(C)[C@H](NC(=O)C(F)(F)F)C(=O)Nc1ccccc1,HLYGSFLCGSCGSHQMELANHDKQVHQ,-6.3
CC[C@H](C=O)C[C@@H](C#N)NC(=O)[C@@H]1[C@@H]2[C@H](CN1C(=O)[C@@H](NC(=O)C(F)(F)F)C(C)(C)C)[C@]2(C)CF,HLYGSFLCGSCGSHQMELANHDKQVHQ,-6.3
CC(C)(C)[C@H](NC(=O)C(F)(F)F)C(=O)Nc1ccccc1,HLYGSFLCGSCGSHQMELANHDKQVHQ,-6.3
CC(C)(C)[C@H](NC(=O)C(F)(F)F)C(=O)Nc1ccccc1,HLYGSFLCGSCGSHQMELANHDKQVHQ,-6.3
CC(C)(C)[C@H](NC(=O)C(F)(F)F)C(=O)Nc1ccccc1,HLYGSFLCGSCGSHQMELANHDKQVHQ,-6.3
CC(C)(C)[C@H](NC(=O)C(F)(F)F)C(=O)Nc1ccccc1,HLYGSFLCGSCGSHQMELANHDKQVHQ,-6.3
CC(C)(C)[C@H](NC(=O)C(F)(F)F)C(=O)N1C[C@H]2[C@@H]([C@H]1C=O)C2(C)C,HLYGSFLCGSCGSHQMELANHDKQVHQ,-6.2
CC(C)(C)[C@H](NC(=O)C(F)(F)F)C(=O)N1C[C@H]2[C@@H]([C@H]1C=O)C2(C)C,HLYGSFLCGSCGSHQMELANHDKQVHQ,-6.2
CC(C)(C)[C@H](NC(=O)C(F)(F)F)C(=O)N1C[C@H]2[C@@H]([C@H]1C=O)C2(C)C,HLYGSFLCGSCGSHQMELANHDKQVHQ,-6.2
CC(C)(C)[C@H](NC(=O)C(F)(F)F)C(=O)N1C[C@H]2[C@@H]([C@H]1C=O)C2(C)C,HLYGSFLCGSCGSHQMELANHDKQVHQ,-6.2
CC(C)(C)[C@H](NC(=O)C(F)(F)F)C(=O)N1C[C@H]2[C@@H]([C@H]1C=O)C2(C)C,HLYGSFLCGSCGSHQMELANHDKQVHQ,-6.2
CC(C)(C)[C@H](NC(=O)C(F)(F)F)C(=O)N1C[C@H]2[C@@H]([C@H]1C=O)C2(C)C,HLYGSFLCGSCGSHQMELANHDKQVHQ,-6.2
CC(C)(C)[C@H](NC(=O)C(F)(F)F)C(=O)N1C[C@H]2[C@@H]([C@H]1C=O)C2(C)C,HLYGSFLCGSCGSHQMELANHDKQVHQ,-6.2
CC(C)(C)[C@H](NC(=O)C(F)(F)F)C(=O)N1C[C@H]2[C@@H]([C@H]1C=O)C2(C)C,HLYGSFLCGSCGSHQMELANHDKQVHQ,-6.2
CC(C)(C)[C@H](NC(=O)C(F)(F)F)C(=O)N1C[C@H]2[C@@H]([C@H]1C=O)C2(C)C,HLYGSFLCGSCGSHQMELANHDKQVHQ,-6.2
CC(C)(C)[C@H](NC(=O)C(F)(F)F)C(=O)N1C[C@H]2[C@@H]([C@H]1C=O)C2(C)C,HLYGSFLCGSCGSHQMELANHDKQVHQ,-6.2
CC(C)(C)[C@H](NC(=O)C(F)(F)F)C(=O)N1C[C@H]2[C@@H]([C@H]1C=O)C2(C)C,HLYGSFLCGSCGSHQMELANHDKQVHQ,-6.2
CC(C)(C)[C@H](NC(=O)C(F)(F)F)C(=O)N1C[C@H]2[C@@H]([C@H]1C=O)C2(C)C,HLYGSFLCGSCGSHQMELANHDKQVHQ,-6.2
CC(C)(C)[C@H](NC(=O)C(F)(F)F)C(=O)N1C[C@H]2[C@@H]([C@H]1C=O)C2(C)C,HLYGSFLCGSCGSHQMELANHDKQVHQ,-6.2
CC(C)(C)[C@H](NC(=O)C(F)(F)F)C(=O)N1C[C@H]2[C@@H]([C@H]1C=O)C2(C)C,HLYGSFLCGSCGSHQMELANHDKQVHQ,-6.2
CC(C)(C)[C@H](NC(=O)C(F)(F)F)C(=O)N1C[C@H]2[C@@H]([C@H]1C=O)C2(C)C,HLYGSFLCGSCGSHQMELANHDKQVHQ,-6.2
CC(C)(C)[C@H](NC(=O)C(F)(F)F)C(=O)N1C[C@H]2[C@@H]([C@H]1C=O)C2(C)C,HLYGSFLCGSCGSHQMELANHDKQVHQ,-6.2
CC(C)(C)[C@H](NC(=O)C(F)(F)F)C(=O)N1C[C@H]2[C@@H]([C@H]1C=O)C2(C)C,HLYGSFLCGSCGSHQMELANHDKQVHQ,-6.2
CC(C)(C)[C@H](NC(=O)C(F)(F)F)C(=O)N1C[C@H]2[C@@H]([C@H]1C=O)C2(C)C,HLYGSFLCGSCGSHQMELANHDKQVHQ,-6.2
CC(C)(C)[C@H](NC(=O)C(F)(F)F)C(=O)N1C[C@H]2[C@@H]([C@H]1C=O)C2(C)C,HLYGSFLCGSCGSHQMELANHDKQVHQ,-6.2
CC(C)(C)[C@H](NC(=O)C(F)(F)F)C(=O)N1C[C@H]2[C@@H]([C@H]1C=O)C2(C)C,HLYGSFLCGSCGSHQMELANHDKQVHQ,-6.2
CC(C)(C)[C@H](NC(=O)C(F)(F)F)C(=O)N1C[C@H]2[C@@H]([C@H]1C(N)=O)[C@@]2(C)C(F)F,HLYGSFLCGSCGSHQMELANHDKQVHQ,-6.2
CC(C)(C)[C@H](NC(=O)C(F)(F)F)C(=O)N1C[C@H]2[C@@H]([C@H]1CN)[C@@]2(C)CCl,HLYGSFLCGSCGSHQMELANHDKQVHQ,-6.2
CC(C)(C)[C@H](NC(=O)C(F)(F)F)C(=O)N1C[C@H]2[C@@H]([C@H]1CN)[C@@]2(C)CCl,HLYGSFLCGSCGSHQMELANHDKQVHQ,-6.2
CC(C)(CCl)[C@H](NC(=O)C(F)(F)F)C(=O)Nc1ccccc1,HLYGSFLCGSCGSHQMELANHDKQVHQ,-6.2
CC(C)(CCl)[C@H](NC(=O)C(F)(F)F)C(=O)Nc1ccccc1,HLYGSFLCGSCGSHQMELANHDKQVHQ,-6.2
CC(C)(CCl)[C@H](NC(=O)C(F)(F)F)C(=O)Nc1ccccc1,HLYGSFLCGSCGSHQMELANHDKQVHQ,-6.2
CC(C)(C)[C@H](NC(=O)C(F)(F)F)C(=O)N1C[C@H]2[C@@H]([C@H]1CN)[C@@]2(C)CF,HLYGSFLCGSCGSHQMELANHDKQVHQ,-6.2
CC(C)(CF)[C@H](NC(=O)C(F)(F)F)C(=O)Nc1ccccc1,HLYGSFLCGSCGSHQMELANHDKQVHQ,-6.2
CC(C)(CF)[C@H](NC(=O)C(F)(F)F)C(=O)Nc1ccccc1,HLYGSFLCGSCGSHQMELANHDKQVHQ,-6.2
CC(C)(CF)[C@H](NC(=O)C(F)(F)F)C(=O)Nc1ccccc1,HLYGSFLCGSCGSHQMELANHDKQVHQ,-6.2
CC(C)(C)[C@H](NC(=O)C(F)(F)F)C(=O)N1C[C@H]2[C@@H]([C@H]1C(N)=O)[C@@]2(C)C(F)F,HLYGSFLCGSCGSHQMELANHDKQVHQ,-6.2
CC(C)(C)[C@H](NC(=O)C(F)(F)F)C(=O)N1C[C@H]2[C@@H]([C@H]1CN)[C@@]2(C)CCl,HLYGSFLCGSCGSHQMELANHDKQVHQ,-6.2
CC(C)(CCl)[C@H](NC(=O)C(F)(F)F)C(=O)Nc1ccccc1,HLYGSFLCGSCGSHQMELANHDKQVHQ,-6.2
CC(C)(CCl)[C@H](NC(=O)C(F)(F)F)C(=O)Nc1ccccc1,HLYGSFLCGSCGSHQMELANHDKQVHQ,-6.2
CC(C)(CCl)[C@H](NC(=O)C(F)(F)F)C(=O)Nc1ccccc1,HLYGSFLCGSCGSHQMELANHDKQVHQ,-6.2
CC(C)(C)[C@H](NC(=O)C(F)(F)F)C(=O)N1C[C@H]2[C@@H]([C@H]1CN)[C@@]2(C)CF,HLYGSFLCGSCGSHQMELANHDKQVHQ,-6.2
CC(C)(C)[C@H](NC(=O)C(F)(F)F)C(=O)N1C[C@H]2[C@@H]([C@H]1CN)[C@@]2(C)CF,HLYGSFLCGSCGSHQMELANHDKQVHQ,-6.2
CC(C)(CF)[C@H](NC(=O)C(F)(F)F)C(=O)Nc1ccccc1,HLYGSFLCGSCGSHQMELANHDKQVHQ,-6.2
CC(C)(CF)[C@H](NC(=O)C(F)(F)F)C(=O)Nc1ccccc1,HLYGSFLCGSCGSHQMELANHDKQVHQ,-6.2
CC(C)(CF)[C@H](NC(=O)C(F)(F)F)C(=O)Nc1ccccc1,HLYGSFLCGSCGSHQMELANHDKQVHQ,-6.2
CC(C)(C)[C@H](NC(=O)C(F)(F)F)C(=O)N1C[C@H]2[C@@H]([C@H]1C=O)C2(C)C,HLYGSFLCGSCGSHQMELANHDKQVHQ,-6.2
CC(C)(C)[C@H](NC(=O)C(F)(F)F)C(=O)N1C[C@H]2[C@@H]([C@H]1C=O)C2(C)C,HLYGSFLCGSCGSHQMELANHDKQVHQ,-6.2
CC(C)(C)[C@H](NC(=O)C(F)(F)F)C(=O)N1C[C@H]2[C@@H]([C@H]1CN)C2(C)C,HLYGSFLCGSCGSHQMELANHDKQVHQ,-6.1
CC(C)(C)[C@H](NC(=O)C(F)(F)F)C(=O)N1C[C@H]2[C@@H]([C@H]1CN)C2(C)C,HLYGSFLCGSCGSHQMELANHDKQVHQ,-6.1
CC(C)(C)[C@H](NC(=O)C(F)(F)F)C(=O)N1C[C@H]2[C@@H]([C@H]1CN)C2(C)C,HLYGSFLCGSCGSHQMELANHDKQVHQ,-6.1
CC(C)(C)[C@H](NC(=O)C(F)(F)F)C(=O)N1C[C@H]2[C@@H]([C@H]1CN)C2(C)C,HLYGSFLCGSCGSHQMELANHDKQVHQ,-6.1
CC(C)(C)[C@H](NC(=O)C(F)(F)F)C(=O)N1C[C@H]2[C@@H]([C@H]1CN)C2(C)C,HLYGSFLCGSCGSHQMELANHDKQVHQ,-6.1
CC(C)(C)[C@H](NC(=O)C(F)(F)F)C(=O)N1C[C@H]2[C@@H]([C@H]1CN)C2(C)C,HLYGSFLCGSCGSHQMELANHDKQVHQ,-6.1
CC(C)(C)[C@H](NC(=O)C(F)(F)F)C(=O)N1C[C@H]2[C@@H]([C@H]1CN)C2(C)C,HLYGSFLCGSCGSHQMELANHDKQVHQ,-6.1
CC(C)(C)[C@H](NC(=O)C(F)(F)F)C(=O)N1C[C@H]2[C@@H]([C@H]1CN)C2(C)C,HLYGSFLCGSCGSHQMELANHDKQVHQ,-6.1
CC(C)(C)[C@H](NC(=O)C(F)(F)F)C(=O)N1C[C@H]2[C@@H]([C@H]1CN)C2(C)C,HLYGSFLCGSCGSHQMELANHDKQVHQ,-6.1
CC(C)(C)[C@H](NC(=O)C(F)(F)F)C(=O)N1C[C@H]2[C@@H]([C@H]1CN)C2(C)C,HLYGSFLCGSCGSHQMELANHDKQVHQ,-6.1
CC(C)(C)[C@H](NC(=O)C(F)(F)F)C(=O)N1C[C@H]2[C@@H]([C@H]1CN)C2(C)C,HLYGSFLCGSCGSHQMELANHDKQVHQ,-6.1
CC(C)(C)[C@H](NC(=O)C(F)(F)F)C(=O)N1C[C@H]2[C@@H]([C@H]1CN)C2(C)C,HLYGSFLCGSCGSHQMELANHDKQVHQ,-6.1
CC(C)(C)[C@H](NC(=S)C(F)(F)F)C(=O)N1C[C@H]2[C@@H]([C@H]1CN)C2(C)C,HLYGSFLCGSCGSHQMELANHDKQVHQ,-6.1
CC(C)(C)[C@H](NC(=O)C(F)(F)F)C(=O)N1C[C@H]2[C@@H]([C@H]1CN)C2(C)C,HLYGSFLCGSCGSHQMELANHDKQVHQ,-6.1
CC(C)(C)[C@H](NC(=O)C(F)(F)F)C(=O)N1C[C@H]2[C@@H]([C@H]1CN)C2(C)C,HLYGSFLCGSCGSHQMELANHDKQVHQ,-6.1
CC(C)(C)[C@H](NC(=O)C(F)(F)F)C(=O)N1C[C@H]2[C@@H]([C@H]1CN)C2(C)C,HLYGSFLCGSCGSHQMELANHDKQVHQ,-6.1
CC(C)(C)[C@H](NC(=O)C(F)(F)F)C(=O)N1C[C@H]2[C@@H]([C@H]1CN)C2(C)C,HLYGSFLCGSCGSHQMELANHDKQVHQ,-6.1
CC(C)(C)[C@H](NC(=O)C(F)(F)F)C(=O)N1C[C@H]2[C@@H]([C@H]1CN)C2(C)C,HLYGSFLCGSCGSHQMELANHDKQVHQ,-6.1
CC(C)(C)[C@H](NC(=O)C(F)(F)F)C(=O)N1C[C@H]2[C@@H]([C@H]1CN)C2(C)C,HLYGSFLCGSCGSHQMELANHDKQVHQ,-6.1
CC(C)(C)[C@H](NC(=S)C(F)(F)F)C(=O)N1C[C@H]2[C@@H]([C@H]1CN)C2(C)C,HLYGSFLCGSCGSHQMELANHDKQVHQ,-6.1
CC(C)(C)[C@H](NC(=O)C(F)(F)F)C(=O)N1C[C@H]2[C@@H]([C@H]1CN)C2(C)C,HLYGSFLCGSCGSHQMELANHDKQVHQ,-6.1
CC(C)(C)[C@H](NC(=O)C(F)(F)F)C(=O)N1C[C@H]2[C@@H]([C@H]1CN)C2(C)C,HLYGSFLCGSCGSHQMELANHDKQVHQ,-6.1
CC(C)(C)[C@H](NC(=O)C(F)(F)F)C(=O)N1C[C@H]2[C@@H]([C@H]1C=O)[C@@]2(C)CCl,HLYGSFLCGSCGSHQMELANHDKQVHQ,-6.1
CC(C)(C)[C@H](NC(=O)C(F)(F)F)C(=O)N1C[C@H]2[C@@H]([C@H]1C=O)[C@@]2(C)CCl,HLYGSFLCGSCGSHQMELANHDKQVHQ,-6.1
CC(C)(C)[C@H](NC(=O)C(F)(F)F)C(=O)N1C[C@H]2[C@@H]([C@H]1C=O)[C@@]2(C)CCl,HLYGSFLCGSCGSHQMELANHDKQVHQ,-6.1
CC(C)(C)[C@H](NC(=O)C(F)(F)F)C(=O)N1C[C@H]2[C@@H]([C@H]1CN)[C@]2(C)CCl,HLYGSFLCGSCGSHQMELANHDKQVHQ,-6.1
CC(C)(C)[C@H](NC(=O)C(F)(F)F)C(=O)N1C[C@H]2[C@@H]([C@H]1CN)C2(C)C,HLYGSFLCGSCGSHQMELANHDKQVHQ,-6.1
CC(C)(C)[C@H](NC(=O)C(F)(F)F)C(=O)N1C[C@H]2[C@@H]([C@H]1CN)C2(C)C,HLYGSFLCGSCGSHQMELANHDKQVHQ,-6.1
CC(C)(C)[C@H](NC(=O)C(F)(F)F)C(=O)N1C[C@H]2[C@@H]([C@H]1CN)[C@]2(C)CF,HLYGSFLCGSCGSHQMELANHDKQVHQ,-6
CC(C)(C)[C@H](NC(=O)C(F)(F)F)C(=O)N1C[C@H]2[C@@H]([C@H]1C(N)=O)C2(C)C,HLYGSFLCGSCGSHQMELANHDKQVHQ,-5.9
CC(C)(C)[C@H](NC(=S)C(F)(F)F)C(=O)Nc1ccccc1,HLYGSFLCGSCGSHQMELANHDKQVHQ,-5.9
CC(C)(C)[C@H](NC(=O)C(F)(F)F)C(=O)N1C[C@H]2[C@@H]([C@H]1C(N)=O)C2(C)C,HLYGSFLCGSCGSHQMELANHDKQVHQ,-5.9
CC(C)(C)[C@H](NC(=O)C(F)(F)F)C(=O)N1C[C@H]2[C@@H]([C@H]1C(N)=O)C2(C)C,HLYGSFLCGSCGSHQMELANHDKQVHQ,-5.9
CC(C)(C)[C@H](NC(=O)C(F)(F)F)C(=O)N1C[C@H]2[C@@H]([C@H]1C(N)=O)C2(C)C,HLYGSFLCGSCGSHQMELANHDKQVHQ,-5.9
CC(C)(C)[C@H](NC(=O)C(F)(F)F)C(=O)N1C[C@H]2[C@@H]([C@H]1C(N)=O)C2(C)C,HLYGSFLCGSCGSHQMELANHDKQVHQ,-5.9
CC(C)(C)[C@H](NC(=O)C(F)(F)F)C(=O)N1C[C@H]2[C@@H]([C@H]1C(N)=O)C2(C)C,HLYGSFLCGSCGSHQMELANHDKQVHQ,-5.9
CC(C)(C)[C@H](NC(=O)C(F)(F)F)C(=O)N1C[C@H]2[C@@H]([C@H]1C(N)=O)C2(C)C,HLYGSFLCGSCGSHQMELANHDKQVHQ,-5.9
CC(C)(C)[C@H](NC(=O)C(F)(F)F)C(=O)N1C[C@H]2[C@@H]([C@H]1C(N)=O)C2(C)C,HLYGSFLCGSCGSHQMELANHDKQVHQ,-5.9
CC(C)(C)[C@H](NC(=O)C(F)(F)F)C(=O)N1C[C@H]2[C@@H]([C@H]1C(N)=O)C2(C)C,HLYGSFLCGSCGSHQMELANHDKQVHQ,-5.9
CC(C)(C)[C@H](NC(=O)C(F)(F)F)C(=O)N1C[C@H]2[C@@H]([C@H]1C(N)=O)C2(C)C,HLYGSFLCGSCGSHQMELANHDKQVHQ,-5.9
CC(C)(C)[C@H](NC(=O)C(F)(F)F)C(=O)N1C[C@H]2[C@@H]([C@H]1C(N)=O)C2(C)C,HLYGSFLCGSCGSHQMELANHDKQVHQ,-5.9
CC(C)(C)[C@H](NC(=O)C(F)(F)F)C(=O)N1C[C@H]2[C@@H]([C@H]1C(N)=O)C2(C)C,HLYGSFLCGSCGSHQMELANHDKQVHQ,-5.9
CC(C)(C)[C@H](NC(=O)C(F)(F)F)C(=O)N1C[C@H]2[C@@H]([C@H]1C(N)=O)C2(C)C,HLYGSFLCGSCGSHQMELANHDKQVHQ,-5.9
CC(C)(C)[C@H](NC(=O)C(F)(F)F)C(=O)N1C[C@H]2[C@@H]([C@H]1C(N)=O)C2(C)C,HLYGSFLCGSCGSHQMELANHDKQVHQ,-5.9
CC(C)(C)[C@H](NC(=O)C(F)(F)F)C(=O)N1C[C@H]2[C@@H]([C@H]1C(N)=O)C2(C)C,HLYGSFLCGSCGSHQMELANHDKQVHQ,-5.9
CC(C)(C)[C@H](NC(=O)C(F)(F)F)C(=O)N1C[C@H]2[C@@H]([C@H]1C(N)=O)C2(C)C,HLYGSFLCGSCGSHQMELANHDKQVHQ,-5.9
CC(C)(C)[C@H](NC(=O)C(F)(F)F)C(=O)N1C[C@H]2[C@@H]([C@H]1C(N)=O)C2(C)C,HLYGSFLCGSCGSHQMELANHDKQVHQ,-5.9
CC(C)(C)[C@H](NC(=O)C(F)(F)F)C(=O)N1C[C@H]2[C@@H]([C@H]1C(N)=O)C2(C)C,HLYGSFLCGSCGSHQMELANHDKQVHQ,-5.9
CC(C)(C)[C@H](NC(=S)C(F)(F)F)C(=O)Nc1ccccc1,HLYGSFLCGSCGSHQMELANHDKQVHQ,-5.9
CC(C)(C)[C@H](NC(=O)C(F)(F)F)C(=O)N1C[C@H]2[C@@H]([C@H]1C(N)=O)C2(C)C,HLYGSFLCGSCGSHQMELANHDKQVHQ,-5.9
CC(C)(C)[C@H](NC(=O)C(F)(F)F)C(=O)N1C[C@H]2[C@@H]([C@H]1C(N)=O)C2(C)C,HLYGSFLCGSCGSHQMELANHDKQVHQ,-5.9
CC(C)(C)[C@H](NC(=O)C(F)(F)F)C(=O)N1C[C@H]2[C@@H]([C@H]1C(N)=O)C2(C)C,HLYGSFLCGSCGSHQMELANHDKQVHQ,-5.9
CC(C)(C)[C@H](NC(=O)C(F)(F)F)C(=O)N1C[C@H]2[C@@H]([C@H]1C(N)=O)C2(C)C,HLYGSFLCGSCGSHQMELANHDKQVHQ,-5.9
CC(C)(C)[C@H](NNC(=O)C(F)(F)F)C(N)=O,HLYGSFLCGSCGSHQMELANHDKQVHQ,-5.7
CC(C)(C)[C@H](NNC(=O)C(F)(F)F)C(N)=O,HLYGSFLCGSCGSHQMELANHDKQVHQ,-5.7
CC(C)(C)[C@H](NC(=O)C(F)(F)F)C(=O)N1C[C@H]2[C@@H]([C@H]1C(N)=O)[C@@]2(C)CCl,HLYGSFLCGSCGSHQMELANHDKQVHQ,-5.7
CC(C)(C)[C@H](NC(=O)C(F)(F)[N+](=O)[O-])C(N)=O,HLYGSFLCGSCGSHQMELANHDKQVHQ,-5.6
CC(C)(C)[C@H](NC(=O)C(F)(F)[N+](=O)[O-])C(N)=O,HLYGSFLCGSCGSHQMELANHDKQVHQ,-5.6
CC(C)(C)[C@H](NC(=O)C(F)(F)[N+](=O)[O-])C(N)=O,HLYGSFLCGSCGSHQMELANHDKQVHQ,-5.6
CC(C)(C)[C@H](NC(=O)C(F)(F)[N+](=O)[O-])C(N)=O,HLYGSFLCGSCGSHQMELANHDKQVHQ,-5.6
CC(C)(C)[C@H](NC(=O)C(F)(F)[N+](=O)[O-])C(N)=O,HLYGSFLCGSCGSHQMELANHDKQVHQ,-5.6
CC(C)(C)[C@H](NC(=O)C(F)(F)[N+](=O)[O-])C(N)=O,HLYGSFLCGSCGSHQMELANHDKQVHQ,-5.6
CC(C)(C)[C@H](NC(=O)C(F)(F)C#N)C(N)=O,HLYGSFLCGSCGSHQMELANHDKQVHQ,-5.5
CC(C)(C)[C@H](NC(=O)C(F)(F)C#N)C(N)=O,HLYGSFLCGSCGSHQMELANHDKQVHQ,-5.5
CC(C)(C)[C@H](NC(=O)C(F)(F)C#N)C(N)=O,HLYGSFLCGSCGSHQMELANHDKQVHQ,-5.5
CC(C)(C)[C@H](NC(=O)C(F)(F)C#N)C(N)=O,HLYGSFLCGSCGSHQMELANHDKQVHQ,-5.5
CC(C)(C)[C@H](NC(=O)C(F)(F)C#N)C(N)=O,HLYGSFLCGSCGSHQMELANHDKQVHQ,-5.5
CC(C)(C)[C@H](NC(=O)C(F)(F)C#N)C(N)=O,HLYGSFLCGSCGSHQMELANHDKQVHQ,-5.5
CC(C)(C(F)F)[C@H](NC(=O)C(F)(F)F)C(N)=O,HLYGSFLCGSCGSHQMELANHDKQVHQ,-5.4
CC(C)(C(F)F)[C@H](NC(=O)C(F)(F)F)C(N)=O,HLYGSFLCGSCGSHQMELANHDKQVHQ,-5.4
CC(C)(C(F)F)[C@H](NC(=O)C(F)(F)F)C(N)=O,HLYGSFLCGSCGSHQMELANHDKQVHQ,-5.4
CC(C)(C(F)F)[C@H](NC(=O)C(F)(F)F)C(N)=O,HLYGSFLCGSCGSHQMELANHDKQVHQ,-5.4
CC(C)(C(F)F)[C@H](NC(=O)C(F)(F)F)C(N)=O,HLYGSFLCGSCGSHQMELANHDKQVHQ,-5.4
CC(C)(C(F)F)[C@H](NC(=O)C(F)(F)F)C(N)=O,HLYGSFLCGSCGSHQMELANHDKQVHQ,-5.4
COC(F)(F)C(=O)N[C@H](C(N)=O)C(C)(C)C,HLYGSFLCGSCGSHQMELANHDKQVHQ,-5.2
COC(F)(F)C(=O)N[C@H](C(N)=O)C(C)(C)C,HLYGSFLCGSCGSHQMELANHDKQVHQ,-5.2
COC(F)(F)C(=O)N[C@H](C(N)=O)C(C)(C)C,HLYGSFLCGSCGSHQMELANHDKQVHQ,-5.2
COC(F)(F)C(=O)N[C@H](C(N)=O)C(C)(C)C,HLYGSFLCGSCGSHQMELANHDKQVHQ,-5.2
COC(F)(F)C(=O)N[C@H](C(N)=O)C(C)(C)C,HLYGSFLCGSCGSHQMELANHDKQVHQ,-5.2
COC(F)(F)C(=O)N[C@H](C(N)=O)C(C)(C)C,HLYGSFLCGSCGSHQMELANHDKQVHQ,-5.2
CC(C)(CF)[C@H](NC(=O)C(F)(F)F)C(N)=O,HLYGSFLCGSCGSHQMELANHDKQVHQ,-5.2
CC(C)(CF)[C@H](NC(=O)C(F)(F)F)C(N)=O,HLYGSFLCGSCGSHQMELANHDKQVHQ,-5.2
CC(C)(CF)[C@H](NC(=O)C(F)(F)F)C(N)=O,HLYGSFLCGSCGSHQMELANHDKQVHQ,-5.2
CC(C)(CF)[C@H](NC(=O)C(F)(F)F)C(N)=O,HLYGSFLCGSCGSHQMELANHDKQVHQ,-5.2
CC(C)(CF)[C@H](NC(=O)C(F)(F)F)C(N)=O,HLYGSFLCGSCGSHQMELANHDKQVHQ,-5.2
CC(C)(CF)[C@H](NC(=O)C(F)(F)F)C(N)=O,HLYGSFLCGSCGSHQMELANHDKQVHQ,-5.2
CC(C)(CCl)[C@H](NC(=O)C(F)(F)F)C(N)=O,HLYGSFLCGSCGSHQMELANHDKQVHQ,-5.1
CC(C)(CCl)[C@H](NC(=O)C(F)(F)F)C(N)=O,HLYGSFLCGSCGSHQMELANHDKQVHQ,-5.1
CC(C)(CCl)[C@H](NC(=O)C(F)(F)F)C(N)=O,HLYGSFLCGSCGSHQMELANHDKQVHQ,-5.1
CC(C)(CCl)[C@H](NC(=O)C(F)(F)F)C(N)=O,HLYGSFLCGSCGSHQMELANHDKQVHQ,-5.1
CC(C)(CCl)[C@H](NC(=O)C(F)(F)F)C(N)=O,HLYGSFLCGSCGSHQMELANHDKQVHQ,-5.1
CC(C)(CCl)[C@H](NC(=O)C(F)(F)F)C(N)=O,HLYGSFLCGSCGSHQMELANHDKQVHQ,-5.1
CC(C)(C)[C@H](NC(=O)C(F)(F)F)C(N)=O,HLYGSFLCGSCGSHQMELANHDKQVHQ,-5
CC(C)(C)[C@H](NC(=O)C(F)(F)F)C(N)=O,HLYGSFLCGSCGSHQMELANHDKQVHQ,-5
CC(C)(C)[C@H](NC(=O)C(F)(F)F)C(N)=O,HLYGSFLCGSCGSHQMELANHDKQVHQ,-5
CC(C)(C)[C@H](NC(=O)C(F)(F)F)C(N)=O,HLYGSFLCGSCGSHQMELANHDKQVHQ,-5
CC(C)(C)[C@H](NC(=O)C(F)(F)F)C(N)=O,HLYGSFLCGSCGSHQMELANHDKQVHQ,-5
CC(C)(C)[C@H](NC(=O)C(F)(F)F)C(N)=O,HLYGSFLCGSCGSHQMELANHDKQVHQ,-5
CC(C)(C)[C@H](NC(=O)C(F)(F)F)C(N)=O,HLYGSFLCGSCGSHQMELANHDKQVHQ,-5
CC(C)(C)[C@H](NC(=O)C(F)(F)F)C(N)=O,HLYGSFLCGSCGSHQMELANHDKQVHQ,-5
CC(C)(C)[C@H](NC(=O)C(F)(F)F)C(N)=O,HLYGSFLCGSCGSHQMELANHDKQVHQ,-5
CC(C)(C)[C@H](NC(=O)C(F)(F)F)C(N)=O,HLYGSFLCGSCGSHQMELANHDKQVHQ,-5
CC(C)(C)[C@H](NC(=S)C(F)(F)F)C(N)=O,HLYGSFLCGSCGSHQMELANHDKQVHQ,-5
CC(C)(C)[C@H](NC(=O)C(F)(F)F)C(N)=O,HLYGSFLCGSCGSHQMELANHDKQVHQ,-5
CC(C)(C)[C@H](NC(=O)C(F)(F)F)C(N)=O,HLYGSFLCGSCGSHQMELANHDKQVHQ,-5
CC(C)(C)[C@H](NC(=O)C(F)(F)F)C(N)=O,HLYGSFLCGSCGSHQMELANHDKQVHQ,-5
CC(C)(C)[C@H](NC(=O)C(F)(F)F)C(N)=O,HLYGSFLCGSCGSHQMELANHDKQVHQ,-5
CC(C)(C)[C@H](NC(=O)C(F)(F)F)C(N)=O,HLYGSFLCGSCGSHQMELANHDKQVHQ,-5
CC(C)(C)[C@H](NC(=O)C(F)(F)F)C(N)=O,HLYGSFLCGSCGSHQMELANHDKQVHQ,-5
CC(C)(C)[C@H](NC(=O)C(F)(F)F)C(N)=O,HLYGSFLCGSCGSHQMELANHDKQVHQ,-5
CC(C)(C)[C@H](NC(=O)C(F)(F)F)C(N)=O,HLYGSFLCGSCGSHQMELANHDKQVHQ,-5
CC(C)(C)[C@H](NC(=O)C(F)(F)F)C(N)=O,HLYGSFLCGSCGSHQMELANHDKQVHQ,-5
CC(C)(C)[C@H](NC(=O)C(F)(F)F)C(N)=O,HLYGSFLCGSCGSHQMELANHDKQVHQ,-5
CC(C)(C)[C@H](NC(=O)C(F)(F)F)C(N)=O,HLYGSFLCGSCGSHQMELANHDKQVHQ,-5
CC(C)(C)[C@H](NC(=O)C(F)(F)F)C(N)=O,HLYGSFLCGSCGSHQMELANHDKQVHQ,-5
CC(C)(C)[C@H](NC(=O)C(F)(F)F)C(N)=O,HLYGSFLCGSCGSHQMELANHDKQVHQ,-5
CC(C)(C)[C@H](NC(=O)C(F)(F)F)C(N)=O,HLYGSFLCGSCGSHQMELANHDKQVHQ,-5
CC(C)(C)[C@H](NC(=O)C(F)(F)F)C(N)=O,HLYGSFLCGSCGSHQMELANHDKQVHQ,-5
CC(C)(C)[C@H](NC(=O)C(F)(F)F)C(N)=O,HLYGSFLCGSCGSHQMELANHDKQVHQ,-5
CC(C)(C)[C@H](NC(=O)C(F)(F)F)C(N)=O,HLYGSFLCGSCGSHQMELANHDKQVHQ,-5
CC(C)(C)[C@H](NC(=O)C(F)(F)F)C(N)=O,HLYGSFLCGSCGSHQMELANHDKQVHQ,-5
CC(C)(C)[C@H](NC(=O)C(F)(F)F)C(N)=O,HLYGSFLCGSCGSHQMELANHDKQVHQ,-5
CC(C)(C)[C@H](NC(=O)C(F)(F)F)C(N)=O,HLYGSFLCGSCGSHQMELANHDKQVHQ,-5
CC(C)(C)[C@H](NC(=S)C(F)(F)F)C(N)=O,HLYGSFLCGSCGSHQMELANHDKQVHQ,-5
CC(C)(C)[C@H](NC(=O)C(F)(F)F)C(N)=O,HLYGSFLCGSCGSHQMELANHDKQVHQ,-5
CC(C)(C)[C@H](NC(=O)C(F)(F)F)C(N)=O,HLYGSFLCGSCGSHQMELANHDKQVHQ,-5
CC(C)(C)[C@H](NC(=O)C(F)(F)F)C(N)=O,HLYGSFLCGSCGSHQMELANHDKQVHQ,-5
CC(C)(C)[C@H](NC(=O)C(F)(F)F)C(N)=O,HLYGSFLCGSCGSHQMELANHDKQVHQ,-5
CC(C)(C)[C@H](NC(=O)C(F)(F)F)C(N)=O,HLYGSFLCGSCGSHQMELANHDKQVHQ,-5
CC(C)(C)[C@H](NC(=O)C(F)(F)F)C(N)=O,HLYGSFLCGSCGSHQMELANHDKQVHQ,-5
CC(C)(C)[C@H](NC(=O)C(F)(F)F)C(N)=O,HLYGSFLCGSCGSHQMELANHDKQVHQ,-5
CC(C)(C)[C@H](NC(=O)C(F)(F)F)C(N)=O,HLYGSFLCGSCGSHQMELANHDKQVHQ,-5
CC(C)(C)[C@H](NC(=O)C(F)(F)F)C(N)=O,HLYGSFLCGSCGSHQMELANHDKQVHQ,-5
CC(C)(C)[C@H](NC(=O)C(F)(F)F)C(N)=O,HLYGSFLCGSCGSHQMELANHDKQVHQ,-5
CC(C)(C)[C@H](NC(=O)C(F)(F)F)C(N)=O,HLYGSFLCGSCGSHQMELANHDKQVHQ,-5
CC(C)(C)[C@H](NC(=O)C(F)(F)F)C(N)=O,HLYGSFLCGSCGSHQMELANHDKQVHQ,-5
CC(C)(C)[C@H](NC(=O)C(F)(F)F)C(N)=O,HLYGSFLCGSCGSHQMELANHDKQVHQ,-5
CC(C)(C)[C@H](NC(=O)C(F)(F)F)C(N)=O,HLYGSFLCGSCGSHQMELANHDKQVHQ,-5
CC(C)(C)[C@H](NC(=O)C(F)(F)F)C(N)=O,HLYGSFLCGSCGSHQMELANHDKQVHQ,-5
CC(C)(C)[C@H](NC(=O)C(F)(F)F)C(N)=O,HLYGSFLCGSCGSHQMELANHDKQVHQ,-5
CC(C)(C)[C@H](NC(=O)C(F)(F)F)C(N)=O,HLYGSFLCGSCGSHQMELANHDKQVHQ,-5
CC(C)(C)[C@H](NC(=O)C(F)(F)F)C(N)=O,HLYGSFLCGSCGSHQMELANHDKQVHQ,-5
CC(C)(C)[C@H](NC(=O)C(F)(F)F)C(N)=O,HLYGSFLCGSCGSHQMELANHDKQVHQ,-5
CC(C)(C)[C@H](NC(=O)C(F)(F)F)C(N)=S,HLYGSFLCGSCGSHQMELANHDKQVHQ,-4.6